atom1_name,ligand_resname,ligand_resid,atom2_name,protein_resname,protein_resid,distance,interaction_type,pair_type,dna_resname,dna_resid
H01,MBC,25.0,HN,ARG,222.0,4.133938,VdW,Ligand-Protein,,
H01,MBC,25.0,CG,ARG,222.0,4.123745,VdW,Ligand-Protein,,
H01,MBC,25.0,CD,ARG,222.0,4.470312,VdW,Ligand-Protein,,
H01,MBC,25.0,HE,ARG,222.0,4.1314316,VdW,Ligand-Protein,,
C20,MBC,25.0,CD,ARG,222.0,4.3952475,VdW,Ligand-Protein,,
C3,MBC,25.0,HD21,ASN,221.0,4.2550488,VdW,Ligand-Protein,,
O4,MBC,25.0,HD22,ASN,221.0,4.422144,VdW,Ligand-Protein,,
C2,MBC,25.0,ND2,ASN,221.0,4.189282,VdW,Ligand-Protein,,
C2,MBC,25.0,HD21,ASN,221.0,3.6419094,VdW,Ligand-Protein,,
C2,MBC,25.0,HD22,ASN,221.0,4.2206817,VdW,Ligand-Protein,,
C1,MBC,25.0,ND2,ASN,221.0,4.1035414,VdW,Ligand-Protein,,
C1,MBC,25.0,HD21,ASN,221.0,3.6819398,VdW,Ligand-Protein,,
C1,MBC,25.0,HD22,ASN,221.0,3.879804,VdW,Ligand-Protein,,
C5,MBC,25.0,ND2,ASN,221.0,4.4595175,VdW,Ligand-Protein,,
C5,MBC,25.0,HD21,ASN,221.0,4.31028,VdW,Ligand-Protein,,
C5,MBC,25.0,HD22,ASN,221.0,4.0022635,VdW,Ligand-Protein,,
C6,MBC,25.0,HZ3,LYS,219.0,3.826489,VdW,Ligand-Protein,,
C6,MBC,25.0,HD22,ASN,221.0,4.342321,VdW,Ligand-Protein,,
C12,MBC,25.0,NZ,LYS,219.0,4.2652426,VdW,Ligand-Protein,,
C12,MBC,25.0,HZ1,LYS,219.0,4.3961473,VdW,Ligand-Protein,,
C12,MBC,25.0,HZ3,LYS,219.0,3.3787844,VdW,Ligand-Protein,,
C11,MBC,25.0,CE,LYS,219.0,4.3022547,VdW,Ligand-Protein,,
C11,MBC,25.0,NZ,LYS,219.0,3.766174,VdW,Ligand-Protein,,
C11,MBC,25.0,HZ1,LYS,219.0,4.1910973,VdW,Ligand-Protein,,
C11,MBC,25.0,HZ2,LYS,219.0,4.3749084,VdW,Ligand-Protein,,
C11,MBC,25.0,HZ3,LYS,219.0,2.7591383,VdW,Ligand-Protein,,
C8,MBC,25.0,CE,LYS,219.0,3.965034,VdW,Ligand-Protein,,
C8,MBC,25.0,NZ,LYS,219.0,4.309647,VdW,Ligand-Protein,,
C8,MBC,25.0,HZ3,LYS,219.0,3.7502482,VdW,Ligand-Protein,,
C9,MBC,25.0,N,LYS,171.0,4.1735363,VdW,Ligand-Protein,,
C9,MBC,25.0,CB,LYS,171.0,4.202836,VdW,Ligand-Protein,,
C9,MBC,25.0,CE,LYS,219.0,3.435431,VdW,Ligand-Protein,,
C9,MBC,25.0,NZ,LYS,219.0,3.8179972,VdW,Ligand-Protein,,
C9,MBC,25.0,HZ1,LYS,219.0,4.409639,VdW,Ligand-Protein,,
C9,MBC,25.0,HZ3,LYS,219.0,3.2048426,VdW,Ligand-Protein,,
C10,MBC,25.0,CE,LYS,219.0,3.630418,VdW,Ligand-Protein,,
C10,MBC,25.0,NZ,LYS,219.0,3.5168664,VdW,Ligand-Protein,,
C10,MBC,25.0,HZ1,LYS,219.0,4.1970334,VdW,Ligand-Protein,,
C10,MBC,25.0,HZ2,LYS,219.0,4.1002393,VdW,Ligand-Protein,,
C10,MBC,25.0,HZ3,LYS,219.0,2.6525776,VdW,Ligand-Protein,,
C22,MBC,25.0,N,LYS,171.0,4.300561,VdW,Ligand-Protein,,
C22,MBC,25.0,O,LYS,171.0,4.1732216,VdW,Ligand-Protein,,
C22,MBC,25.0,O,ILE,172.0,4.402506,VdW,Ligand-Protein,,
C22,MBC,25.0,CE,LYS,219.0,3.857681,VdW,Ligand-Protein,,
C22,MBC,25.0,NZ,LYS,219.0,3.7391872,VdW,Ligand-Protein,,
C22,MBC,25.0,HZ2,LYS,219.0,3.9936483,VdW,Ligand-Protein,,
C22,MBC,25.0,HZ3,LYS,219.0,2.9833229,VdW,Ligand-Protein,,
N24,MBC,25.0,N,LYS,171.0,3.082873,HBond,Ligand-Protein,,
N24,MBC,25.0,HN,LYS,171.0,3.4024413,HBond,Ligand-Protein,,
N24,MBC,25.0,CA,LYS,171.0,3.6759286,VdW,Ligand-Protein,,
N24,MBC,25.0,CB,LYS,171.0,4.033056,VdW,Ligand-Protein,,
N24,MBC,25.0,C,LYS,171.0,3.499349,HBond,Ligand-Protein,,
N24,MBC,25.0,O,LYS,171.0,2.96943,HBond,Ligand-Protein,,
N24,MBC,25.0,O,ILE,172.0,3.9779584,VdW,Ligand-Protein,,
N24,MBC,25.0,CE,LYS,219.0,3.9923155,VdW,Ligand-Protein,,
N24,MBC,25.0,NZ,LYS,219.0,4.29079,VdW,Ligand-Protein,,
N24,MBC,25.0,HZ2,LYS,219.0,4.468238,VdW,Ligand-Protein,,
N24,MBC,25.0,HZ3,LYS,219.0,3.7852418,VdW,Ligand-Protein,,
H05,MBC,25.0,N,LYS,171.0,3.2122302,HBond,Ligand-Protein,,
H05,MBC,25.0,HN,LYS,171.0,3.3075945,VdW,Ligand-Protein,,
H05,MBC,25.0,CA,LYS,171.0,3.7251053,VdW,Ligand-Protein,,
H05,MBC,25.0,CB,LYS,171.0,4.3858004,VdW,Ligand-Protein,,
H05,MBC,25.0,C,LYS,171.0,3.2211454,VdW,Ligand-Protein,,
H05,MBC,25.0,O,LYS,171.0,2.3868337,HBond,Ligand-Protein,,
H05,MBC,25.0,N,ILE,172.0,4.2572155,VdW,Ligand-Protein,,
H05,MBC,25.0,C,ILE,172.0,4.062238,VdW,Ligand-Protein,,
H05,MBC,25.0,O,ILE,172.0,3.7044759,VdW,Ligand-Protein,,
H05,MBC,25.0,N,ARG,173.0,4.490602,VdW,Ligand-Protein,,
H05,MBC,25.0,HZ3,LYS,219.0,4.4019003,VdW,Ligand-Protein,,
H04,MBC,25.0,N,LYS,171.0,2.2929869,HBond,Ligand-Protein,,
H04,MBC,25.0,HN,LYS,171.0,2.7950757,VdW,Ligand-Protein,,
H04,MBC,25.0,CA,LYS,171.0,2.9842222,VdW,Ligand-Protein,,
H04,MBC,25.0,CB,LYS,171.0,3.251914,VdW,Ligand-Protein,,
H04,MBC,25.0,CG,LYS,171.0,4.22248,VdW,Ligand-Protein,,
H04,MBC,25.0,C,LYS,171.0,3.2011364,VdW,Ligand-Protein,,
H04,MBC,25.0,O,LYS,171.0,2.96768,HBond,Ligand-Protein,,
H04,MBC,25.0,N,ILE,172.0,4.293998,VdW,Ligand-Protein,,
H04,MBC,25.0,O,ILE,172.0,4.311607,VdW,Ligand-Protein,,
H04,MBC,25.0,CE,LYS,219.0,3.8893719,VdW,Ligand-Protein,,
H04,MBC,25.0,NZ,LYS,219.0,4.495435,VdW,Ligand-Protein,,
H04,MBC,25.0,HZ3,LYS,219.0,4.0860133,VdW,Ligand-Protein,,
N23,MBC,25.0,NZ,LYS,219.0,4.0587277,VdW,Ligand-Protein,,
N23,MBC,25.0,HZ2,LYS,219.0,4.0592103,VdW,Ligand-Protein,,
N23,MBC,25.0,HZ3,LYS,219.0,3.2615068,HBond,Ligand-Protein,,
H02,MBC,25.0,NZ,LYS,219.0,4.0996933,VdW,Ligand-Protein,,
H02,MBC,25.0,HZ2,LYS,219.0,4.1372757,VdW,Ligand-Protein,,
H02,MBC,25.0,HZ3,LYS,219.0,3.1970084,VdW,Ligand-Protein,,
H03,MBC,25.0,O,LYS,171.0,4.3726315,VdW,Ligand-Protein,,
H03,MBC,25.0,O,ILE,172.0,4.294645,VdW,Ligand-Protein,,
H03,MBC,25.0,CA,ARG,173.0,4.441109,VdW,Ligand-Protein,,
H03,MBC,25.0,CG,ARG,173.0,4.296627,VdW,Ligand-Protein,,
H03,MBC,25.0,CD,ARG,173.0,3.6915085,VdW,Ligand-Protein,,
H03,MBC,25.0,NE,ARG,173.0,4.2928524,VdW,Ligand-Protein,,
H03,MBC,25.0,HE,ARG,173.0,4.1162853,VdW,Ligand-Protein,,
H03,MBC,25.0,HZ2,LYS,219.0,4.4239917,VdW,Ligand-Protein,,
H03,MBC,25.0,HZ3,LYS,219.0,3.9619436,VdW,Ligand-Protein,,
N13,MBC,25.0,H21,,,3.557817,VdW,Ligand-DNA,DG,12.0
N13,MBC,25.0,C4',,,3.4307988,HBond,Ligand-DNA,DT,13.0
N13,MBC,25.0,H4',,,2.674825,HBond,Ligand-DNA,DT,13.0
N13,MBC,25.0,O4',,,3.3476393,HBond,Ligand-DNA,DT,13.0
N13,MBC,25.0,C1',,,3.3878934,HBond,Ligand-DNA,DT,13.0
N13,MBC,25.0,H1',,,2.529607,HBond,Ligand-DNA,DT,13.0
N13,MBC,25.0,N1,,,4.325846,VdW,Ligand-DNA,DT,13.0
N13,MBC,25.0,C2,,,4.38701,VdW,Ligand-DNA,DT,13.0
N13,MBC,25.0,O2,,,3.736907,VdW,Ligand-DNA,DT,13.0
N13,MBC,25.0,C2',,,4.360764,VdW,Ligand-DNA,DT,13.0
N13,MBC,25.0,C3',,,4.2101016,VdW,Ligand-DNA,DT,13.0
N13,MBC,25.0,O3',,,4.0513463,VdW,Ligand-DNA,DT,13.0
N13,MBC,25.0,H5',,,4.1573734,VdW,Ligand-DNA,DG,14.0
N13,MBC,25.0,C4',,,3.960235,VdW,Ligand-DNA,DT,23.0
N13,MBC,25.0,H4',,,2.919694,HBond,Ligand-DNA,DT,23.0
N13,MBC,25.0,O4',,,4.468104,VdW,Ligand-DNA,DT,23.0
N13,MBC,25.0,H1',,,4.1229725,VdW,Ligand-DNA,DT,23.0
N13,MBC,25.0,O3',,,3.8395503,VdW,Ligand-DNA,DT,23.0
N13,MBC,25.0,H5',,,3.5825255,VdW,Ligand-DNA,DT,24.0
H01,MBC,25.0,H21,,,4.4972663,VdW,Ligand-DNA,DG,12.0
H01,MBC,25.0,C5',,,4.4477987,VdW,Ligand-DNA,DT,13.0
H01,MBC,25.0,H5'',,,4.497376,VdW,Ligand-DNA,DT,13.0
H01,MBC,25.0,C4',,,3.272545,VdW,Ligand-DNA,DT,13.0
H01,MBC,25.0,H4',,,2.3819282,VdW,Ligand-DNA,DT,13.0
H01,MBC,25.0,O4',,,3.551589,VdW,Ligand-DNA,DT,13.0
H01,MBC,25.0,C1',,,3.5063283,VdW,Ligand-DNA,DT,13.0
H01,MBC,25.0,H1',,,2.6503296,VdW,Ligand-DNA,DT,13.0
H01,MBC,25.0,O2,,,4.1972427,VdW,Ligand-DNA,DT,13.0
H01,MBC,25.0,C2',,,4.145716,VdW,Ligand-DNA,DT,13.0
H01,MBC,25.0,H2'',,,4.2520213,VdW,Ligand-DNA,DT,13.0
H01,MBC,25.0,C3',,,3.8021836,VdW,Ligand-DNA,DT,13.0
H01,MBC,25.0,O3',,,3.346946,HBond,Ligand-DNA,DT,13.0
H01,MBC,25.0,C5',,,4.3778586,VdW,Ligand-DNA,DG,14.0
H01,MBC,25.0,H5',,,3.363677,VdW,Ligand-DNA,DG,14.0
H01,MBC,25.0,H4',,,3.465539,VdW,Ligand-DNA,DT,23.0
H01,MBC,25.0,O3',,,4.303275,VdW,Ligand-DNA,DT,23.0
H01,MBC,25.0,H5',,,4.044608,VdW,Ligand-DNA,DT,24.0
C14,MBC,25.0,H1',,,4.366671,VdW,Ligand-DNA,DG,12.0
C14,MBC,25.0,N2,,,4.4002533,VdW,Ligand-DNA,DG,12.0
C14,MBC,25.0,H21,,,3.426892,VdW,Ligand-DNA,DG,12.0
C14,MBC,25.0,C5',,,4.063011,VdW,Ligand-DNA,DT,13.0
C14,MBC,25.0,H5',,,3.8332915,VdW,Ligand-DNA,DT,13.0
C14,MBC,25.0,H5'',,,4.2544303,VdW,Ligand-DNA,DT,13.0
C14,MBC,25.0,C4',,,3.3257372,VdW,Ligand-DNA,DT,13.0
C14,MBC,25.0,H4',,,2.6661303,VdW,Ligand-DNA,DT,13.0
C14,MBC,25.0,O4',,,3.146199,HBond,Ligand-DNA,DT,13.0
C14,MBC,25.0,C1',,,3.6769938,VdW,Ligand-DNA,DT,13.0
C14,MBC,25.0,H1',,,3.1264248,VdW,Ligand-DNA,DT,13.0
C14,MBC,25.0,N1,,,4.4943666,VdW,Ligand-DNA,DT,13.0
C14,MBC,25.0,O2,,,4.314549,VdW,Ligand-DNA,DT,13.0
C14,MBC,25.0,C4',,,4.31143,VdW,Ligand-DNA,DT,23.0
C14,MBC,25.0,H4',,,3.4344976,VdW,Ligand-DNA,DT,23.0
C14,MBC,25.0,H1',,,3.6444705,VdW,Ligand-DNA,DT,23.0
C14,MBC,25.0,O3',,,3.7268016,VdW,Ligand-DNA,DT,23.0
C14,MBC,25.0,C5',,,3.805619,VdW,Ligand-DNA,DT,24.0
C14,MBC,25.0,H5',,,2.795463,VdW,Ligand-DNA,DT,24.0
C14,MBC,25.0,H5'',,,4.0085845,VdW,Ligand-DNA,DT,24.0
C14,MBC,25.0,C4',,,4.495882,VdW,Ligand-DNA,DT,24.0
C14,MBC,25.0,H4',,,4.383859,VdW,Ligand-DNA,DT,24.0
C20,MBC,25.0,H1',,,4.296331,VdW,Ligand-DNA,DG,12.0
C20,MBC,25.0,C5',,,3.3561847,VdW,Ligand-DNA,DT,13.0
C20,MBC,25.0,H5',,,3.030629,VdW,Ligand-DNA,DT,13.0
C20,MBC,25.0,H5'',,,3.3303049,VdW,Ligand-DNA,DT,13.0
C20,MBC,25.0,C4',,,3.1326714,VdW,Ligand-DNA,DT,13.0
C20,MBC,25.0,H4',,,2.4820986,VdW,Ligand-DNA,DT,13.0
C20,MBC,25.0,O4',,,3.3168685,HBond,Ligand-DNA,DT,13.0
C20,MBC,25.0,C1',,,4.256514,VdW,Ligand-DNA,DT,13.0
C20,MBC,25.0,H1',,,3.9758072,VdW,Ligand-DNA,DT,13.0
C20,MBC,25.0,H1',,,4.486412,VdW,Ligand-DNA,DT,23.0
C20,MBC,25.0,O3',,,4.2985506,VdW,Ligand-DNA,DT,23.0
C20,MBC,25.0,C5',,,3.356706,VdW,Ligand-DNA,DT,24.0
C20,MBC,25.0,H5',,,2.6138916,VdW,Ligand-DNA,DT,24.0
C20,MBC,25.0,H5'',,,3.2710044,VdW,Ligand-DNA,DT,24.0
C20,MBC,25.0,C4',,,3.9191215,VdW,Ligand-DNA,DT,24.0
C20,MBC,25.0,H4',,,3.535817,VdW,Ligand-DNA,DT,24.0
C20,MBC,25.0,O4',,,4.309508,VdW,Ligand-DNA,DT,24.0
C19,MBC,25.0,H4',,,4.388678,VdW,Ligand-DNA,DG,12.0
C19,MBC,25.0,H1',,,3.801353,VdW,Ligand-DNA,DG,12.0
C19,MBC,25.0,C5',,,3.8033152,VdW,Ligand-DNA,DT,13.0
C19,MBC,25.0,H5',,,3.1084552,VdW,Ligand-DNA,DT,13.0
C19,MBC,25.0,H5'',,,3.8308303,VdW,Ligand-DNA,DT,13.0
C19,MBC,25.0,C4',,,3.9977274,VdW,Ligand-DNA,DT,13.0
C19,MBC,25.0,H4',,,3.6122637,VdW,Ligand-DNA,DT,13.0
C19,MBC,25.0,O4',,,3.9635515,VdW,Ligand-DNA,DT,13.0
C19,MBC,25.0,H1',,,4.4773674,VdW,Ligand-DNA,DT,23.0
C19,MBC,25.0,C5',,,3.2491374,VdW,Ligand-DNA,DT,24.0
C19,MBC,25.0,H5',,,2.7465086,VdW,Ligand-DNA,DT,24.0
C19,MBC,25.0,H5'',,,3.2718415,VdW,Ligand-DNA,DT,24.0
C19,MBC,25.0,C4',,,3.2411125,VdW,Ligand-DNA,DT,24.0
C19,MBC,25.0,H4',,,2.6124992,VdW,Ligand-DNA,DT,24.0
C19,MBC,25.0,O4',,,3.5769696,VdW,Ligand-DNA,DT,24.0
C19,MBC,25.0,H1',,,4.2375,VdW,Ligand-DNA,DT,24.0
C18,MBC,25.0,H2,,,4.2606854,VdW,Ligand-DNA,DA,11.0
C18,MBC,25.0,H4',,,4.4412026,VdW,Ligand-DNA,DG,12.0
C18,MBC,25.0,O4',,,4.4042625,VdW,Ligand-DNA,DG,12.0
C18,MBC,25.0,C1',,,4.2763114,VdW,Ligand-DNA,DG,12.0
C18,MBC,25.0,H1',,,3.3287013,VdW,Ligand-DNA,DG,12.0
C18,MBC,25.0,N3,,,4.015429,VdW,Ligand-DNA,DG,12.0
C18,MBC,25.0,H21,,,4.1321573,VdW,Ligand-DNA,DG,12.0
C18,MBC,25.0,H5',,,3.9571216,VdW,Ligand-DNA,DT,13.0
C18,MBC,25.0,O4',,,4.397177,VdW,Ligand-DNA,DT,13.0
C18,MBC,25.0,H1',,,3.6268008,VdW,Ligand-DNA,DT,23.0
C18,MBC,25.0,O2,,,3.6923685,VdW,Ligand-DNA,DT,23.0
C18,MBC,25.0,C5',,,3.6150186,VdW,Ligand-DNA,DT,24.0
C18,MBC,25.0,H5',,,3.0410464,VdW,Ligand-DNA,DT,24.0
C18,MBC,25.0,H5'',,,4.010031,VdW,Ligand-DNA,DT,24.0
C18,MBC,25.0,C4',,,3.2422786,VdW,Ligand-DNA,DT,24.0
C18,MBC,25.0,H4',,,2.8055727,VdW,Ligand-DNA,DT,24.0
C18,MBC,25.0,O4',,,2.998369,HBond,Ligand-DNA,DT,24.0
C18,MBC,25.0,C1',,,3.8135958,VdW,Ligand-DNA,DT,24.0
C18,MBC,25.0,H1',,,3.500141,VdW,Ligand-DNA,DT,24.0
C21,MBC,25.0,N3,,,4.3738384,VdW,Ligand-DNA,DA,11.0
C21,MBC,25.0,C2,,,4.1096325,VdW,Ligand-DNA,DA,11.0
C21,MBC,25.0,H2,,,3.3251002,VdW,Ligand-DNA,DA,11.0
C21,MBC,25.0,H4',,,4.1456304,VdW,Ligand-DNA,DG,12.0
C21,MBC,25.0,O4',,,4.029338,VdW,Ligand-DNA,DG,12.0
C21,MBC,25.0,C1',,,4.310504,VdW,Ligand-DNA,DG,12.0
C21,MBC,25.0,H1',,,3.6136289,VdW,Ligand-DNA,DG,12.0
C21,MBC,25.0,N3,,,4.4616103,VdW,Ligand-DNA,DG,12.0
C21,MBC,25.0,H1',,,4.3328023,VdW,Ligand-DNA,DT,23.0
C21,MBC,25.0,O2,,,3.7537675,VdW,Ligand-DNA,DT,23.0
C21,MBC,25.0,C5',,,4.24024,VdW,Ligand-DNA,DT,24.0
C21,MBC,25.0,H5',,,3.952119,VdW,Ligand-DNA,DT,24.0
C21,MBC,25.0,C4',,,3.3605106,VdW,Ligand-DNA,DT,24.0
C21,MBC,25.0,H4',,,2.8068793,VdW,Ligand-DNA,DT,24.0
C21,MBC,25.0,O4',,,2.9763055,HBond,Ligand-DNA,DT,24.0
C21,MBC,25.0,C1',,,3.2518976,VdW,Ligand-DNA,DT,24.0
C21,MBC,25.0,H1',,,2.607576,VdW,Ligand-DNA,DT,24.0
C21,MBC,25.0,N1,,,3.9234478,VdW,Ligand-DNA,DT,24.0
C21,MBC,25.0,C2,,,4.0125155,VdW,Ligand-DNA,DT,24.0
C21,MBC,25.0,O2,,,3.5810971,VdW,Ligand-DNA,DT,24.0
C21,MBC,25.0,C2',,,4.4924994,VdW,Ligand-DNA,DT,24.0
C21,MBC,25.0,C3',,,4.4566627,VdW,Ligand-DNA,DT,24.0
C21,MBC,25.0,H5',,,4.098297,VdW,Ligand-DNA,DC,25.0
N26,MBC,25.0,C4,,,4.4348707,VdW,Ligand-DNA,DA,11.0
N26,MBC,25.0,N3,,,3.2048707,HBond,Ligand-DNA,DA,11.0
N26,MBC,25.0,C2,,,2.7930057,HBond,Ligand-DNA,DA,11.0
N26,MBC,25.0,H2,,,2.007192,HBond,Ligand-DNA,DA,11.0
N26,MBC,25.0,N1,,,3.7603366,VdW,Ligand-DNA,DA,11.0
N26,MBC,25.0,O4',,,4.0141873,VdW,Ligand-DNA,DG,12.0
N26,MBC,25.0,C1',,,4.311839,VdW,Ligand-DNA,DG,12.0
N26,MBC,25.0,H1',,,3.8129451,VdW,Ligand-DNA,DG,12.0
N26,MBC,25.0,N9,,,4.4474506,VdW,Ligand-DNA,DG,12.0
N26,MBC,25.0,C4,,,4.362964,VdW,Ligand-DNA,DG,12.0
N26,MBC,25.0,N3,,,4.10217,VdW,Ligand-DNA,DG,12.0
N26,MBC,25.0,H1',,,4.254059,VdW,Ligand-DNA,DT,23.0
N26,MBC,25.0,C2,,,4.1566453,VdW,Ligand-DNA,DT,23.0
N26,MBC,25.0,O2,,,3.0038223,HBond,Ligand-DNA,DT,23.0
N26,MBC,25.0,C4',,,4.180754,VdW,Ligand-DNA,DT,24.0
N26,MBC,25.0,H4',,,3.8534203,VdW,Ligand-DNA,DT,24.0
N26,MBC,25.0,O4',,,3.372588,HBond,Ligand-DNA,DT,24.0
N26,MBC,25.0,C1',,,3.3323152,HBond,Ligand-DNA,DT,24.0
N26,MBC,25.0,H1',,,2.7133305,HBond,Ligand-DNA,DT,24.0
N26,MBC,25.0,N1,,,3.494913,HBond,Ligand-DNA,DT,24.0
N26,MBC,25.0,C2,,,3.2009616,HBond,Ligand-DNA,DT,24.0
N26,MBC,25.0,O2,,,2.7453299,HBond,Ligand-DNA,DT,24.0
N26,MBC,25.0,N3,,,4.1386733,VdW,Ligand-DNA,DT,24.0
N26,MBC,25.0,H3,,,4.419639,VdW,Ligand-DNA,DT,24.0
H09,MBC,25.0,H2,,,4.4074793,VdW,Ligand-DNA,DA,10.0
H09,MBC,25.0,H1',,,4.369863,VdW,Ligand-DNA,DA,11.0
H09,MBC,25.0,C4,,,4.0056424,VdW,Ligand-DNA,DA,11.0
H09,MBC,25.0,N3,,,2.67913,HBond,Ligand-DNA,DA,11.0
H09,MBC,25.0,C2,,,2.4360816,VdW,Ligand-DNA,DA,11.0
H09,MBC,25.0,H2,,,1.6254236,VdW,Ligand-DNA,DA,11.0
H09,MBC,25.0,N1,,,3.604688,VdW,Ligand-DNA,DA,11.0
H09,MBC,25.0,O4',,,4.190748,VdW,Ligand-DNA,DG,12.0
H09,MBC,25.0,H1',,,4.4372125,VdW,Ligand-DNA,DG,12.0
H09,MBC,25.0,O2,,,3.6162434,VdW,Ligand-DNA,DT,23.0
H09,MBC,25.0,H4',,,4.3087254,VdW,Ligand-DNA,DT,24.0
H09,MBC,25.0,O4',,,3.872149,VdW,Ligand-DNA,DT,24.0
H09,MBC,25.0,C1',,,3.4583094,VdW,Ligand-DNA,DT,24.0
H09,MBC,25.0,H1',,,2.6740181,VdW,Ligand-DNA,DT,24.0
H09,MBC,25.0,N1,,,3.5180168,VdW,Ligand-DNA,DT,24.0
H09,MBC,25.0,C2,,,2.8990495,VdW,Ligand-DNA,DT,24.0
H09,MBC,25.0,O2,,,2.1202288,HBond,Ligand-DNA,DT,24.0
H09,MBC,25.0,N3,,,3.8398907,VdW,Ligand-DNA,DT,24.0
H09,MBC,25.0,H3,,,3.9572034,VdW,Ligand-DNA,DT,24.0
H09,MBC,25.0,H5',,,4.33638,VdW,Ligand-DNA,DC,25.0
H09,MBC,25.0,O4',,,4.3659573,VdW,Ligand-DNA,DC,25.0
H08,MBC,25.0,C4,,,4.236571,VdW,Ligand-DNA,DA,11.0
H08,MBC,25.0,N3,,,3.1681995,HBond,Ligand-DNA,DA,11.0
H08,MBC,25.0,C2,,,2.483501,VdW,Ligand-DNA,DA,11.0
H08,MBC,25.0,H2,,,1.8611413,VdW,Ligand-DNA,DA,11.0
H08,MBC,25.0,N1,,,3.1585639,HBond,Ligand-DNA,DA,11.0
H08,MBC,25.0,C6,,,4.2867637,VdW,Ligand-DNA,DA,11.0
H08,MBC,25.0,O4',,,4.2323565,VdW,Ligand-DNA,DG,12.0
H08,MBC,25.0,C1',,,4.243134,VdW,Ligand-DNA,DG,12.0
H08,MBC,25.0,H1',,,3.7206533,VdW,Ligand-DNA,DG,12.0
H08,MBC,25.0,N9,,,4.1168237,VdW,Ligand-DNA,DG,12.0
H08,MBC,25.0,C4,,,3.7473085,VdW,Ligand-DNA,DG,12.0
H08,MBC,25.0,N3,,,3.3769605,HBond,Ligand-DNA,DG,12.0
H08,MBC,25.0,C2,,,3.837752,VdW,Ligand-DNA,DG,12.0
H08,MBC,25.0,N2,,,4.2162366,VdW,Ligand-DNA,DG,12.0
H08,MBC,25.0,H21,,,4.156548,VdW,Ligand-DNA,DG,12.0
H08,MBC,25.0,C1',,,4.4749713,VdW,Ligand-DNA,DT,23.0
H08,MBC,25.0,H1',,,3.6272862,VdW,Ligand-DNA,DT,23.0
H08,MBC,25.0,N1,,,4.3606205,VdW,Ligand-DNA,DT,23.0
H08,MBC,25.0,C2,,,3.2933593,VdW,Ligand-DNA,DT,23.0
H08,MBC,25.0,O2,,,2.1200817,HBond,Ligand-DNA,DT,23.0
H08,MBC,25.0,N3,,,3.9913878,VdW,Ligand-DNA,DT,23.0
H08,MBC,25.0,H3,,,3.70054,VdW,Ligand-DNA,DT,23.0
H08,MBC,25.0,H4',,,4.4386816,VdW,Ligand-DNA,DT,24.0
H08,MBC,25.0,O4',,,3.6022096,VdW,Ligand-DNA,DT,24.0
H08,MBC,25.0,C1',,,3.7380376,VdW,Ligand-DNA,DT,24.0
H08,MBC,25.0,H1',,,3.3650072,VdW,Ligand-DNA,DT,24.0
H08,MBC,25.0,N1,,,3.6039867,VdW,Ligand-DNA,DT,24.0
H08,MBC,25.0,C6,,,4.4434676,VdW,Ligand-DNA,DT,24.0
H08,MBC,25.0,C2,,,3.3185625,VdW,Ligand-DNA,DT,24.0
H08,MBC,25.0,O2,,,3.1510518,HBond,Ligand-DNA,DT,24.0
H08,MBC,25.0,N3,,,3.9881008,VdW,Ligand-DNA,DT,24.0
H08,MBC,25.0,H3,,,4.2751513,VdW,Ligand-DNA,DT,24.0
N25,MBC,25.0,H2,,,4.080061,VdW,Ligand-DNA,DA,11.0
N25,MBC,25.0,H4',,,3.8874228,VdW,Ligand-DNA,DG,12.0
N25,MBC,25.0,O4',,,4.3263707,VdW,Ligand-DNA,DG,12.0
N25,MBC,25.0,H1',,,4.344061,VdW,Ligand-DNA,DG,12.0
N25,MBC,25.0,C5',,,4.4130654,VdW,Ligand-DNA,DT,24.0
N25,MBC,25.0,H5',,,4.4102416,VdW,Ligand-DNA,DT,24.0
N25,MBC,25.0,C4',,,3.3542242,HBond,Ligand-DNA,DT,24.0
N25,MBC,25.0,H4',,,2.51261,HBond,Ligand-DNA,DT,24.0
N25,MBC,25.0,O4',,,3.4062927,HBond,Ligand-DNA,DT,24.0
N25,MBC,25.0,C1',,,3.4088845,HBond,Ligand-DNA,DT,24.0
N25,MBC,25.0,H1',,,2.5280519,HBond,Ligand-DNA,DT,24.0
N25,MBC,25.0,N1,,,4.383102,VdW,Ligand-DNA,DT,24.0
N25,MBC,25.0,C2,,,4.462847,VdW,Ligand-DNA,DT,24.0
N25,MBC,25.0,O2,,,3.8051345,VdW,Ligand-DNA,DT,24.0
N25,MBC,25.0,C2',,,4.324244,VdW,Ligand-DNA,DT,24.0
N25,MBC,25.0,C3',,,4.1501355,VdW,Ligand-DNA,DT,24.0
N25,MBC,25.0,O3',,,4.0007935,VdW,Ligand-DNA,DT,24.0
N25,MBC,25.0,C5',,,4.1096706,VdW,Ligand-DNA,DC,25.0
N25,MBC,25.0,H5',,,3.0715055,HBond,Ligand-DNA,DC,25.0
N25,MBC,25.0,H5'',,,4.417989,VdW,Ligand-DNA,DC,25.0
H06,MBC,25.0,H2,,,3.9039452,VdW,Ligand-DNA,DA,11.0
H06,MBC,25.0,H4',,,4.130035,VdW,Ligand-DNA,DG,12.0
H06,MBC,25.0,O4',,,4.494925,VdW,Ligand-DNA,DG,12.0
H06,MBC,25.0,C4',,,3.9379404,VdW,Ligand-DNA,DT,24.0
H06,MBC,25.0,H4',,,3.166384,VdW,Ligand-DNA,DT,24.0
H06,MBC,25.0,O4',,,3.8981452,VdW,Ligand-DNA,DT,24.0
H06,MBC,25.0,C1',,,3.528019,VdW,Ligand-DNA,DT,24.0
H06,MBC,25.0,H1',,,2.4822385,VdW,Ligand-DNA,DT,24.0
H06,MBC,25.0,N1,,,4.396752,VdW,Ligand-DNA,DT,24.0
H06,MBC,25.0,C2,,,4.246948,VdW,Ligand-DNA,DT,24.0
H06,MBC,25.0,O2,,,3.3781729,HBond,Ligand-DNA,DT,24.0
H06,MBC,25.0,C2',,,4.371908,VdW,Ligand-DNA,DT,24.0
H06,MBC,25.0,H2'',,,4.332233,VdW,Ligand-DNA,DT,24.0
H06,MBC,25.0,C3',,,4.437145,VdW,Ligand-DNA,DT,24.0
H06,MBC,25.0,O3',,,4.156505,VdW,Ligand-DNA,DT,24.0
H06,MBC,25.0,C5',,,3.5760226,VdW,Ligand-DNA,DC,25.0
H06,MBC,25.0,H5',,,2.6355128,VdW,Ligand-DNA,DC,25.0
H06,MBC,25.0,H5'',,,3.9138541,VdW,Ligand-DNA,DC,25.0
H06,MBC,25.0,C4',,,3.9056325,VdW,Ligand-DNA,DC,25.0
H06,MBC,25.0,H4',,,3.7092931,VdW,Ligand-DNA,DC,25.0
H06,MBC,25.0,O4',,,3.76787,VdW,Ligand-DNA,DC,25.0
H07,MBC,25.0,H4',,,3.869883,VdW,Ligand-DNA,DG,12.0
H07,MBC,25.0,H5',,,4.3467546,VdW,Ligand-DNA,DT,13.0
H07,MBC,25.0,C5',,,4.083115,VdW,Ligand-DNA,DT,24.0
H07,MBC,25.0,H5',,,4.1659374,VdW,Ligand-DNA,DT,24.0
H07,MBC,25.0,H5'',,,4.05127,VdW,Ligand-DNA,DT,24.0
H07,MBC,25.0,C4',,,3.203901,VdW,Ligand-DNA,DT,24.0
H07,MBC,25.0,H4',,,2.1759243,VdW,Ligand-DNA,DT,24.0
H07,MBC,25.0,O4',,,3.6573918,VdW,Ligand-DNA,DT,24.0
H07,MBC,25.0,C1',,,3.857337,VdW,Ligand-DNA,DT,24.0
H07,MBC,25.0,H1',,,3.1016932,VdW,Ligand-DNA,DT,24.0
H07,MBC,25.0,C3',,,4.008203,VdW,Ligand-DNA,DT,24.0
H07,MBC,25.0,O3',,,3.660913,VdW,Ligand-DNA,DT,24.0
H07,MBC,25.0,C5',,,4.1120625,VdW,Ligand-DNA,DC,25.0
H07,MBC,25.0,H5',,,3.1134164,VdW,Ligand-DNA,DC,25.0
H07,MBC,25.0,H5'',,,4.23615,VdW,Ligand-DNA,DC,25.0
C17,MBC,25.0,H2,,,4.236972,VdW,Ligand-DNA,DA,11.0
C17,MBC,25.0,C1',,,4.394419,VdW,Ligand-DNA,DG,12.0
C17,MBC,25.0,H1',,,3.4197176,VdW,Ligand-DNA,DG,12.0
C17,MBC,25.0,C4,,,4.1738467,VdW,Ligand-DNA,DG,12.0
C17,MBC,25.0,N3,,,3.1488388,HBond,Ligand-DNA,DG,12.0
C17,MBC,25.0,C2,,,3.6220684,VdW,Ligand-DNA,DG,12.0
C17,MBC,25.0,N2,,,3.4067683,HBond,Ligand-DNA,DG,12.0
C17,MBC,25.0,H21,,,2.7860742,VdW,Ligand-DNA,DG,12.0
C17,MBC,25.0,H22,,,4.2075973,VdW,Ligand-DNA,DG,12.0
C17,MBC,25.0,O4',,,4.268925,VdW,Ligand-DNA,DT,13.0
C17,MBC,25.0,H4',,,4.2306337,VdW,Ligand-DNA,DT,23.0
C17,MBC,25.0,O4',,,4.232595,VdW,Ligand-DNA,DT,23.0
C17,MBC,25.0,C1',,,3.6016617,VdW,Ligand-DNA,DT,23.0
C17,MBC,25.0,H1',,,2.514847,VdW,Ligand-DNA,DT,23.0
C17,MBC,25.0,N1,,,4.235538,VdW,Ligand-DNA,DT,23.0
C17,MBC,25.0,C2,,,3.8125572,VdW,Ligand-DNA,DT,23.0
C17,MBC,25.0,O2,,,2.7697783,HBond,Ligand-DNA,DT,23.0
C17,MBC,25.0,C2',,,4.4652967,VdW,Ligand-DNA,DT,23.0
C17,MBC,25.0,H2'',,,4.324854,VdW,Ligand-DNA,DT,23.0
C17,MBC,25.0,O3',,,4.196883,VdW,Ligand-DNA,DT,23.0
C17,MBC,25.0,C5',,,4.0370483,VdW,Ligand-DNA,DT,24.0
C17,MBC,25.0,H5',,,3.200244,VdW,Ligand-DNA,DT,24.0
C17,MBC,25.0,C4',,,3.9224336,VdW,Ligand-DNA,DT,24.0
C17,MBC,25.0,H4',,,3.821648,VdW,Ligand-DNA,DT,24.0
C17,MBC,25.0,O4',,,3.3118021,HBond,Ligand-DNA,DT,24.0
C17,MBC,25.0,C1',,,4.2666883,VdW,Ligand-DNA,DT,24.0
C17,MBC,25.0,H1',,,4.206006,VdW,Ligand-DNA,DT,24.0
C15,MBC,25.0,H1',,,3.9615812,VdW,Ligand-DNA,DG,12.0
C15,MBC,25.0,N3,,,3.4749622,HBond,Ligand-DNA,DG,12.0
C15,MBC,25.0,C2,,,3.7673702,VdW,Ligand-DNA,DG,12.0
C15,MBC,25.0,N2,,,3.1757717,HBond,Ligand-DNA,DG,12.0
C15,MBC,25.0,H21,,,2.2606955,VdW,Ligand-DNA,DG,12.0
C15,MBC,25.0,H22,,,3.9148126,VdW,Ligand-DNA,DG,12.0
C15,MBC,25.0,C4',,,4.2956786,VdW,Ligand-DNA,DT,13.0
C15,MBC,25.0,H4',,,3.8624268,VdW,Ligand-DNA,DT,13.0
C15,MBC,25.0,O4',,,3.6740217,VdW,Ligand-DNA,DT,13.0
C15,MBC,25.0,C1',,,4.086557,VdW,Ligand-DNA,DT,13.0
C15,MBC,25.0,H1',,,3.5664713,VdW,Ligand-DNA,DT,13.0
C15,MBC,25.0,N1,,,4.4631114,VdW,Ligand-DNA,DT,13.0
C15,MBC,25.0,C2,,,4.384987,VdW,Ligand-DNA,DT,13.0
C15,MBC,25.0,O2,,,4.009936,VdW,Ligand-DNA,DT,13.0
C15,MBC,25.0,C4',,,3.815614,VdW,Ligand-DNA,DT,23.0
C15,MBC,25.0,H4',,,3.181726,VdW,Ligand-DNA,DT,23.0
C15,MBC,25.0,O4',,,3.681606,VdW,Ligand-DNA,DT,23.0
C15,MBC,25.0,C1',,,3.504095,VdW,Ligand-DNA,DT,23.0
C15,MBC,25.0,H1',,,2.5290127,VdW,Ligand-DNA,DT,23.0
C15,MBC,25.0,N1,,,4.444032,VdW,Ligand-DNA,DT,23.0
C15,MBC,25.0,C2,,,4.387645,VdW,Ligand-DNA,DT,23.0
C15,MBC,25.0,O2,,,3.6018512,VdW,Ligand-DNA,DT,23.0
C15,MBC,25.0,C2',,,4.3644614,VdW,Ligand-DNA,DT,23.0
C15,MBC,25.0,H2'',,,4.4830356,VdW,Ligand-DNA,DT,23.0
C15,MBC,25.0,C3',,,4.196361,VdW,Ligand-DNA,DT,23.0
C15,MBC,25.0,O3',,,3.6677315,VdW,Ligand-DNA,DT,23.0
C15,MBC,25.0,C5',,,4.121056,VdW,Ligand-DNA,DT,24.0
C15,MBC,25.0,H5',,,3.0834835,VdW,Ligand-DNA,DT,24.0
C15,MBC,25.0,C4',,,4.4964404,VdW,Ligand-DNA,DT,24.0
C15,MBC,25.0,O4',,,4.090048,VdW,Ligand-DNA,DT,24.0
N16,MBC,25.0,N3,,,3.6027248,VdW,Ligand-DNA,DG,12.0
N16,MBC,25.0,C2,,,3.4838789,HBond,Ligand-DNA,DG,12.0
N16,MBC,25.0,N2,,,2.513612,HBond,Ligand-DNA,DG,12.0
N16,MBC,25.0,H21,,,1.515391,HBond,Ligand-DNA,DG,12.0
N16,MBC,25.0,H22,,,3.0485165,HBond,Ligand-DNA,DG,12.0
N16,MBC,25.0,H4',,,4.3999176,VdW,Ligand-DNA,DT,13.0
N16,MBC,25.0,O4',,,4.103485,VdW,Ligand-DNA,DT,13.0
N16,MBC,25.0,C1',,,4.0568705,VdW,Ligand-DNA,DT,13.0
N16,MBC,25.0,H1',,,3.3182595,HBond,Ligand-DNA,DT,13.0
N16,MBC,25.0,N1,,,4.2768235,VdW,Ligand-DNA,DT,13.0
N16,MBC,25.0,C2,,,3.8306484,VdW,Ligand-DNA,DT,13.0
N16,MBC,25.0,O2,,,3.1648886,HBond,Ligand-DNA,DT,13.0
N16,MBC,25.0,C5',,,4.2147536,VdW,Ligand-DNA,DT,23.0
N16,MBC,25.0,H5',,,4.094972,VdW,Ligand-DNA,DT,23.0
N16,MBC,25.0,C4',,,3.0625315,HBond,Ligand-DNA,DT,23.0
N16,MBC,25.0,H4',,,2.4301114,HBond,Ligand-DNA,DT,23.0
N16,MBC,25.0,O4',,,2.8569875,HBond,Ligand-DNA,DT,23.0
N16,MBC,25.0,C1',,,3.1684299,HBond,Ligand-DNA,DT,23.0
N16,MBC,25.0,H1',,,2.4956784,HBond,Ligand-DNA,DT,23.0
N16,MBC,25.0,N1,,,4.1106195,VdW,Ligand-DNA,DT,23.0
N16,MBC,25.0,C2,,,4.3176246,VdW,Ligand-DNA,DT,23.0
N16,MBC,25.0,O2,,,3.848044,VdW,Ligand-DNA,DT,23.0
N16,MBC,25.0,C2',,,4.2004504,VdW,Ligand-DNA,DT,23.0
N16,MBC,25.0,C3',,,3.9000378,VdW,Ligand-DNA,DT,23.0
N16,MBC,25.0,O3',,,3.7473848,VdW,Ligand-DNA,DT,23.0
N16,MBC,25.0,H5',,,3.932202,VdW,Ligand-DNA,DT,24.0
C7,MBC,25.0,N2,,,3.5831444,VdW,Ligand-DNA,DG,12.0
C7,MBC,25.0,H21,,,2.6231139,VdW,Ligand-DNA,DG,12.0
C7,MBC,25.0,H22,,,4.002787,VdW,Ligand-DNA,DG,12.0
C7,MBC,25.0,C4',,,4.3856516,VdW,Ligand-DNA,DT,13.0
C7,MBC,25.0,H4',,,3.8221269,VdW,Ligand-DNA,DT,13.0
C7,MBC,25.0,O4',,,3.9272907,VdW,Ligand-DNA,DT,13.0
C7,MBC,25.0,C1',,,3.6417751,VdW,Ligand-DNA,DT,13.0
C7,MBC,25.0,H1',,,2.6733806,VdW,Ligand-DNA,DT,13.0
C7,MBC,25.0,N1,,,4.188551,VdW,Ligand-DNA,DT,13.0
C7,MBC,25.0,C2,,,3.8308532,VdW,Ligand-DNA,DT,13.0
C7,MBC,25.0,O2,,,2.952942,HBond,Ligand-DNA,DT,13.0
C7,MBC,25.0,H5',,,4.496939,VdW,Ligand-DNA,DG,14.0
C7,MBC,25.0,C5',,,4.0305305,VdW,Ligand-DNA,DT,23.0
C7,MBC,25.0,H5',,,3.7047477,VdW,Ligand-DNA,DT,23.0
C7,MBC,25.0,C4',,,3.170357,VdW,Ligand-DNA,DT,23.0
C7,MBC,25.0,H4',,,2.2176285,VdW,Ligand-DNA,DT,23.0
C7,MBC,25.0,O4',,,3.4719892,HBond,Ligand-DNA,DT,23.0
C7,MBC,25.0,C1',,,4.085588,VdW,Ligand-DNA,DT,23.0
C7,MBC,25.0,H1',,,3.5593948,VdW,Ligand-DNA,DT,23.0
C7,MBC,25.0,C3',,,4.1348295,VdW,Ligand-DNA,DT,23.0
C7,MBC,25.0,O3',,,3.8481624,VdW,Ligand-DNA,DT,23.0
C7,MBC,25.0,H5',,,4.1788564,VdW,Ligand-DNA,DT,24.0
C3,MBC,25.0,N2,,,4.079352,VdW,Ligand-DNA,DG,12.0
C3,MBC,25.0,H21,,,3.304077,VdW,Ligand-DNA,DG,12.0
C3,MBC,25.0,H22,,,4.226159,VdW,Ligand-DNA,DG,12.0
C3,MBC,25.0,C1',,,4.1336927,VdW,Ligand-DNA,DT,13.0
C3,MBC,25.0,H1',,,3.0732887,VdW,Ligand-DNA,DT,13.0
C3,MBC,25.0,C2,,,3.9568143,VdW,Ligand-DNA,DT,13.0
C3,MBC,25.0,O2,,,2.81679,HBond,Ligand-DNA,DT,13.0
C3,MBC,25.0,H5',,,3.9993358,VdW,Ligand-DNA,DG,14.0
C3,MBC,25.0,O4',,,4.3295307,VdW,Ligand-DNA,DG,14.0
C3,MBC,25.0,C5',,,3.595845,VdW,Ligand-DNA,DT,23.0
C3,MBC,25.0,H5',,,2.933261,VdW,Ligand-DNA,DT,23.0
C3,MBC,25.0,H5'',,,4.1353583,VdW,Ligand-DNA,DT,23.0
C3,MBC,25.0,C4',,,3.2749157,VdW,Ligand-DNA,DT,23.0
C3,MBC,25.0,H4',,,2.4324677,VdW,Ligand-DNA,DT,23.0
C3,MBC,25.0,O4',,,3.6839447,VdW,Ligand-DNA,DT,23.0
C3,MBC,25.0,H1',,,4.437902,VdW,Ligand-DNA,DT,23.0
O4,MBC,25.0,N2,,,3.7690544,VdW,Ligand-DNA,DG,12.0
O4,MBC,25.0,H21,,,3.2702284,HBond,Ligand-DNA,DG,12.0
O4,MBC,25.0,H22,,,3.5919924,VdW,Ligand-DNA,DG,12.0
O4,MBC,25.0,H1',,,4.0781374,VdW,Ligand-DNA,DT,13.0
O4,MBC,25.0,C2,,,4.198275,VdW,Ligand-DNA,DT,13.0
O4,MBC,25.0,O2,,,3.003703,HBond,Ligand-DNA,DT,13.0
O4,MBC,25.0,C2,,,4.486056,VdW,Ligand-DNA,DA,21.0
O4,MBC,25.0,H2,,,3.8273718,VdW,Ligand-DNA,DA,21.0
O4,MBC,25.0,O2,,,3.8665233,VdW,Ligand-DNA,DC,22.0
O4,MBC,25.0,H2'',,,4.1079984,VdW,Ligand-DNA,DC,22.0
O4,MBC,25.0,O5',,,3.9666317,VdW,Ligand-DNA,DT,23.0
O4,MBC,25.0,C5',,,3.1392884,HBond,Ligand-DNA,DT,23.0
O4,MBC,25.0,H5',,,2.311587,HBond,Ligand-DNA,DT,23.0
O4,MBC,25.0,H5'',,,3.9177268,VdW,Ligand-DNA,DT,23.0
O4,MBC,25.0,C4',,,3.1495938,HBond,Ligand-DNA,DT,23.0
O4,MBC,25.0,H4',,,2.720902,HBond,Ligand-DNA,DT,23.0
O4,MBC,25.0,O4',,,3.2378564,HBond,Ligand-DNA,DT,23.0
O4,MBC,25.0,C1',,,4.4728875,VdW,Ligand-DNA,DT,23.0
O4,MBC,25.0,H1',,,4.491648,VdW,Ligand-DNA,DT,23.0
C2,MBC,25.0,C1',,,4.3796606,VdW,Ligand-DNA,DT,13.0
C2,MBC,25.0,H1',,,3.3174481,VdW,Ligand-DNA,DT,13.0
C2,MBC,25.0,O2,,,3.423559,HBond,Ligand-DNA,DT,13.0
C2,MBC,25.0,H2'',,,4.4986963,VdW,Ligand-DNA,DT,13.0
C2,MBC,25.0,C5',,,3.7808619,VdW,Ligand-DNA,DG,14.0
C2,MBC,25.0,H5',,,2.8945053,VdW,Ligand-DNA,DG,14.0
C2,MBC,25.0,C4',,,3.8273146,VdW,Ligand-DNA,DG,14.0
C2,MBC,25.0,H4',,,3.7702937,VdW,Ligand-DNA,DG,14.0
C2,MBC,25.0,O4',,,3.2995734,HBond,Ligand-DNA,DG,14.0
C2,MBC,25.0,C5',,,4.195944,VdW,Ligand-DNA,DT,23.0
C2,MBC,25.0,H5',,,3.3952343,VdW,Ligand-DNA,DT,23.0
C2,MBC,25.0,H5'',,,4.4907064,VdW,Ligand-DNA,DT,23.0
C2,MBC,25.0,C4',,,4.200914,VdW,Ligand-DNA,DT,23.0
C2,MBC,25.0,H4',,,3.335648,VdW,Ligand-DNA,DT,23.0
C1,MBC,25.0,H1',,,4.3555465,VdW,Ligand-DNA,DT,13.0
C1,MBC,25.0,O2,,,3.8920546,VdW,Ligand-DNA,DT,13.0
C1,MBC,25.0,C5',,,4.228269,VdW,Ligand-DNA,DG,14.0
C1,MBC,25.0,H5',,,3.567733,VdW,Ligand-DNA,DG,14.0
C1,MBC,25.0,C4',,,3.7855282,VdW,Ligand-DNA,DG,14.0
C1,MBC,25.0,H4',,,3.5207832,VdW,Ligand-DNA,DG,14.0
C1,MBC,25.0,O4',,,3.1627567,HBond,Ligand-DNA,DG,14.0
C1,MBC,25.0,C1',,,4.1830688,VdW,Ligand-DNA,DG,14.0
C1,MBC,25.0,H1',,,4.0882072,VdW,Ligand-DNA,DG,14.0
C1,MBC,25.0,C5',,,4.185202,VdW,Ligand-DNA,DT,23.0
C1,MBC,25.0,H5',,,3.1835515,VdW,Ligand-DNA,DT,23.0
C1,MBC,25.0,H4',,,3.9804127,VdW,Ligand-DNA,DT,23.0
C5,MBC,25.0,O2,,,3.6782033,VdW,Ligand-DNA,DT,13.0
C5,MBC,25.0,O4',,,4.1592183,VdW,Ligand-DNA,DG,14.0
C5,MBC,25.0,H2,,,3.7983055,VdW,Ligand-DNA,DA,21.0
C5,MBC,25.0,OP1,,,4.498701,VdW,Ligand-DNA,DT,23.0
C5,MBC,25.0,O5',,,4.3405137,VdW,Ligand-DNA,DT,23.0
C5,MBC,25.0,C5',,,3.576221,VdW,Ligand-DNA,DT,23.0
C5,MBC,25.0,H5',,,2.5176725,VdW,Ligand-DNA,DT,23.0
C5,MBC,25.0,H5'',,,4.1690006,VdW,Ligand-DNA,DT,23.0
C5,MBC,25.0,C4',,,4.0688577,VdW,Ligand-DNA,DT,23.0
C5,MBC,25.0,H4',,,3.689551,VdW,Ligand-DNA,DT,23.0
C5,MBC,25.0,O4',,,4.3478317,VdW,Ligand-DNA,DT,23.0
C6,MBC,25.0,N3,,,4.220409,VdW,Ligand-DNA,DA,21.0
C6,MBC,25.0,C2,,,4.292304,VdW,Ligand-DNA,DA,21.0
C6,MBC,25.0,H2,,,3.6007247,VdW,Ligand-DNA,DA,21.0
C6,MBC,25.0,H1',,,4.0125384,VdW,Ligand-DNA,DC,22.0
C6,MBC,25.0,O2,,,4.478205,VdW,Ligand-DNA,DC,22.0
C6,MBC,25.0,H2'',,,4.3072295,VdW,Ligand-DNA,DC,22.0
C6,MBC,25.0,O3',,,4.357658,VdW,Ligand-DNA,DC,22.0
C6,MBC,25.0,OP1,,,4.1424713,VdW,Ligand-DNA,DT,23.0
C6,MBC,25.0,O5',,,4.3346014,VdW,Ligand-DNA,DT,23.0
C6,MBC,25.0,C5',,,3.9828377,VdW,Ligand-DNA,DT,23.0
C6,MBC,25.0,H5',,,2.9463,VdW,Ligand-DNA,DT,23.0
C12,MBC,25.0,H1',,,3.8052912,VdW,Ligand-DNA,DA,21.0
C12,MBC,25.0,N3,,,3.510494,VdW,Ligand-DNA,DA,21.0
C12,MBC,25.0,C2,,,3.8997097,VdW,Ligand-DNA,DA,21.0
C12,MBC,25.0,H2,,,3.5494726,VdW,Ligand-DNA,DA,21.0
C12,MBC,25.0,C4',,,4.4273176,VdW,Ligand-DNA,DC,22.0
C12,MBC,25.0,H4',,,3.9916255,VdW,Ligand-DNA,DC,22.0
C12,MBC,25.0,O4',,,4.4524193,VdW,Ligand-DNA,DC,22.0
C12,MBC,25.0,C1',,,3.5640843,VdW,Ligand-DNA,DC,22.0
C12,MBC,25.0,H1',,,2.6273534,VdW,Ligand-DNA,DC,22.0
C12,MBC,25.0,N1,,,4.4755526,VdW,Ligand-DNA,DC,22.0
C12,MBC,25.0,C2,,,4.384297,VdW,Ligand-DNA,DC,22.0
C12,MBC,25.0,O2,,,3.4747066,HBond,Ligand-DNA,DC,22.0
C12,MBC,25.0,C2',,,3.762882,VdW,Ligand-DNA,DC,22.0
C12,MBC,25.0,H2'',,,3.2158105,VdW,Ligand-DNA,DC,22.0
C12,MBC,25.0,C3',,,4.0900235,VdW,Ligand-DNA,DC,22.0
C12,MBC,25.0,O3',,,3.4300318,HBond,Ligand-DNA,DC,22.0
C12,MBC,25.0,P,,,4.0485525,VdW,Ligand-DNA,DT,23.0
C12,MBC,25.0,OP1,,,4.0000286,VdW,Ligand-DNA,DT,23.0
C12,MBC,25.0,O5',,,3.7862706,VdW,Ligand-DNA,DT,23.0
C12,MBC,25.0,C5',,,3.8726368,VdW,Ligand-DNA,DT,23.0
C12,MBC,25.0,H5',,,3.0519302,VdW,Ligand-DNA,DT,23.0
C12,MBC,25.0,O4',,,4.417869,VdW,Ligand-DNA,DT,23.0
C11,MBC,25.0,H4',,,4.166248,VdW,Ligand-DNA,DA,21.0
C11,MBC,25.0,O4',,,4.457832,VdW,Ligand-DNA,DA,21.0
C11,MBC,25.0,C1',,,3.9560654,VdW,Ligand-DNA,DA,21.0
C11,MBC,25.0,H1',,,2.883497,VdW,Ligand-DNA,DA,21.0
C11,MBC,25.0,C4,,,4.373862,VdW,Ligand-DNA,DA,21.0
C11,MBC,25.0,N3,,,3.4908159,HBond,Ligand-DNA,DA,21.0
C11,MBC,25.0,C2,,,4.290104,VdW,Ligand-DNA,DA,21.0
C11,MBC,25.0,H2,,,4.1435776,VdW,Ligand-DNA,DA,21.0
C11,MBC,25.0,O3',,,4.395661,VdW,Ligand-DNA,DA,21.0
C11,MBC,25.0,C4',,,3.6804316,VdW,Ligand-DNA,DC,22.0
C11,MBC,25.0,H4',,,3.0138912,VdW,Ligand-DNA,DC,22.0
C11,MBC,25.0,O4',,,3.8031473,VdW,Ligand-DNA,DC,22.0
C11,MBC,25.0,C1',,,3.3294632,VdW,Ligand-DNA,DC,22.0
C11,MBC,25.0,H1',,,2.3438182,VdW,Ligand-DNA,DC,22.0
C11,MBC,25.0,N1,,,4.418606,VdW,Ligand-DNA,DC,22.0
C11,MBC,25.0,O2,,,4.081003,VdW,Ligand-DNA,DC,22.0
C11,MBC,25.0,C2',,,3.8231983,VdW,Ligand-DNA,DC,22.0
C11,MBC,25.0,H2'',,,3.6543899,VdW,Ligand-DNA,DC,22.0
C11,MBC,25.0,C3',,,3.7955332,VdW,Ligand-DNA,DC,22.0
C11,MBC,25.0,O3',,,3.2294223,HBond,Ligand-DNA,DC,22.0
C11,MBC,25.0,P,,,4.2966948,VdW,Ligand-DNA,DT,23.0
C11,MBC,25.0,OP1,,,4.298864,VdW,Ligand-DNA,DT,23.0
C11,MBC,25.0,O5',,,4.464534,VdW,Ligand-DNA,DT,23.0
C11,MBC,25.0,H5',,,4.1647797,VdW,Ligand-DNA,DT,23.0
C8,MBC,25.0,H1',,,4.4166045,VdW,Ligand-DNA,DG,14.0
C8,MBC,25.0,N3,,,4.37364,VdW,Ligand-DNA,DG,14.0
C8,MBC,25.0,H21,,,4.095679,VdW,Ligand-DNA,DG,14.0
C8,MBC,25.0,H2,,,4.228251,VdW,Ligand-DNA,DA,21.0
C8,MBC,25.0,H5',,,4.0114913,VdW,Ligand-DNA,DT,23.0
C9,MBC,25.0,H21,,,3.8346534,VdW,Ligand-DNA,DG,14.0
C10,MBC,25.0,H21,,,4.28979,VdW,Ligand-DNA,DG,14.0
C10,MBC,25.0,H4',,,3.8141506,VdW,Ligand-DNA,DA,21.0
C10,MBC,25.0,C1',,,4.484613,VdW,Ligand-DNA,DA,21.0
C10,MBC,25.0,H1',,,3.512745,VdW,Ligand-DNA,DA,21.0
C10,MBC,25.0,N3,,,4.187897,VdW,Ligand-DNA,DA,21.0
C10,MBC,25.0,H4',,,3.6002657,VdW,Ligand-DNA,DC,22.0
C10,MBC,25.0,H1',,,3.6439693,VdW,Ligand-DNA,DC,22.0
C10,MBC,25.0,O3',,,4.039135,VdW,Ligand-DNA,DC,22.0
C22,MBC,25.0,C4',,,3.773692,VdW,Ligand-DNA,DA,21.0
C22,MBC,25.0,H4',,,2.795476,VdW,Ligand-DNA,DA,21.0
C22,MBC,25.0,O4',,,4.1171074,VdW,Ligand-DNA,DA,21.0
C22,MBC,25.0,C1',,,4.2871485,VdW,Ligand-DNA,DA,21.0
C22,MBC,25.0,H1',,,3.4725587,VdW,Ligand-DNA,DA,21.0
C22,MBC,25.0,C3',,,4.3544745,VdW,Ligand-DNA,DA,21.0
C22,MBC,25.0,O3',,,3.706145,VdW,Ligand-DNA,DA,21.0
C22,MBC,25.0,C4',,,4.4694424,VdW,Ligand-DNA,DC,22.0
C22,MBC,25.0,H4',,,3.438436,VdW,Ligand-DNA,DC,22.0
C22,MBC,25.0,H1',,,4.203581,VdW,Ligand-DNA,DC,22.0
N24,MBC,25.0,C4',,,4.2611036,VdW,Ligand-DNA,DA,21.0
N24,MBC,25.0,H4',,,3.1994154,HBond,Ligand-DNA,DA,21.0
H05,MBC,25.0,H5'',,,4.1914644,VdW,Ligand-DNA,DA,21.0
H05,MBC,25.0,C4',,,4.0890775,VdW,Ligand-DNA,DA,21.0
H05,MBC,25.0,H4',,,3.0178847,VdW,Ligand-DNA,DA,21.0
H05,MBC,25.0,O3',,,4.373579,VdW,Ligand-DNA,DA,21.0
H04,MBC,25.0,H21,,,4.2237883,VdW,Ligand-DNA,DG,14.0
H04,MBC,25.0,H4',,,4.0639935,VdW,Ligand-DNA,DA,21.0
N23,MBC,25.0,C5',,,4.167087,VdW,Ligand-DNA,DA,21.0
N23,MBC,25.0,H5'',,,4.176244,VdW,Ligand-DNA,DA,21.0
N23,MBC,25.0,C4',,,2.976178,HBond,Ligand-DNA,DA,21.0
N23,MBC,25.0,H4',,,2.0811253,HBond,Ligand-DNA,DA,21.0
N23,MBC,25.0,O4',,,3.5764034,VdW,Ligand-DNA,DA,21.0
N23,MBC,25.0,C1',,,3.595773,VdW,Ligand-DNA,DA,21.0
N23,MBC,25.0,H1',,,2.870995,HBond,Ligand-DNA,DA,21.0
N23,MBC,25.0,C2',,,3.9537458,VdW,Ligand-DNA,DA,21.0
N23,MBC,25.0,H2'',,,4.1620436,VdW,Ligand-DNA,DA,21.0
N23,MBC,25.0,C3',,,3.2037594,HBond,Ligand-DNA,DA,21.0
N23,MBC,25.0,H3',,,4.0811768,VdW,Ligand-DNA,DA,21.0
N23,MBC,25.0,O3',,,2.3924365,HBond,Ligand-DNA,DA,21.0
N23,MBC,25.0,P,,,3.5856254,VdW,Ligand-DNA,DC,22.0
N23,MBC,25.0,OP1,,,3.5195994,VdW,Ligand-DNA,DC,22.0
N23,MBC,25.0,O5',,,4.305138,VdW,Ligand-DNA,DC,22.0
N23,MBC,25.0,C5',,,4.299508,VdW,Ligand-DNA,DC,22.0
N23,MBC,25.0,H5',,,4.2584906,VdW,Ligand-DNA,DC,22.0
N23,MBC,25.0,C4',,,3.571748,VdW,Ligand-DNA,DC,22.0
N23,MBC,25.0,H4',,,2.580245,HBond,Ligand-DNA,DC,22.0
N23,MBC,25.0,O4',,,3.9372091,VdW,Ligand-DNA,DC,22.0
N23,MBC,25.0,C1',,,4.4262033,VdW,Ligand-DNA,DC,22.0
N23,MBC,25.0,H1',,,3.7989836,VdW,Ligand-DNA,DC,22.0
N23,MBC,25.0,O3',,,4.299462,VdW,Ligand-DNA,DC,22.0
H02,MBC,25.0,C5',,,4.479721,VdW,Ligand-DNA,DA,21.0
H02,MBC,25.0,C4',,,3.091851,VdW,Ligand-DNA,DA,21.0
H02,MBC,25.0,H4',,,2.4816747,VdW,Ligand-DNA,DA,21.0
H02,MBC,25.0,O4',,,3.4784906,HBond,Ligand-DNA,DA,21.0
H02,MBC,25.0,C1',,,3.111057,VdW,Ligand-DNA,DA,21.0
H02,MBC,25.0,H1',,,2.2757597,VdW,Ligand-DNA,DA,21.0
H02,MBC,25.0,N9,,,4.3583937,VdW,Ligand-DNA,DA,21.0
H02,MBC,25.0,C2',,,3.4002662,VdW,Ligand-DNA,DA,21.0
H02,MBC,25.0,H2',,,4.478007,VdW,Ligand-DNA,DA,21.0
H02,MBC,25.0,H2'',,,3.410566,VdW,Ligand-DNA,DA,21.0
H02,MBC,25.0,C3',,,2.9633424,VdW,Ligand-DNA,DA,21.0
H02,MBC,25.0,H3',,,3.9273121,VdW,Ligand-DNA,DA,21.0
H02,MBC,25.0,O3',,,2.0796258,HBond,Ligand-DNA,DA,21.0
H02,MBC,25.0,P,,,3.2765257,VdW,Ligand-DNA,DC,22.0
H02,MBC,25.0,OP1,,,3.4632242,HBond,Ligand-DNA,DC,22.0
H02,MBC,25.0,O5',,,3.6628041,VdW,Ligand-DNA,DC,22.0
H02,MBC,25.0,C5',,,3.577896,VdW,Ligand-DNA,DC,22.0
H02,MBC,25.0,H5',,,3.7305675,VdW,Ligand-DNA,DC,22.0
H02,MBC,25.0,C4',,,2.683711,VdW,Ligand-DNA,DC,22.0
H02,MBC,25.0,H4',,,1.7910478,VdW,Ligand-DNA,DC,22.0
H02,MBC,25.0,O4',,,2.949206,HBond,Ligand-DNA,DC,22.0
H02,MBC,25.0,C1',,,3.4490423,VdW,Ligand-DNA,DC,22.0
H02,MBC,25.0,H1',,,2.906504,VdW,Ligand-DNA,DC,22.0
H02,MBC,25.0,C2',,,4.2464542,VdW,Ligand-DNA,DC,22.0
H02,MBC,25.0,C3',,,3.7123458,VdW,Ligand-DNA,DC,22.0
H02,MBC,25.0,O3',,,3.6607683,VdW,Ligand-DNA,DC,22.0
H03,MBC,25.0,C5',,,3.6846788,VdW,Ligand-DNA,DA,21.0
H03,MBC,25.0,H5',,,4.1932793,VdW,Ligand-DNA,DA,21.0
H03,MBC,25.0,H5'',,,3.477457,VdW,Ligand-DNA,DA,21.0
H03,MBC,25.0,C4',,,2.7263486,VdW,Ligand-DNA,DA,21.0
H03,MBC,25.0,H4',,,1.7914729,VdW,Ligand-DNA,DA,21.0
H03,MBC,25.0,O4',,,3.6985254,VdW,Ligand-DNA,DA,21.0
H03,MBC,25.0,C1',,,3.9257996,VdW,Ligand-DNA,DA,21.0
H03,MBC,25.0,H1',,,3.43043,VdW,Ligand-DNA,DA,21.0
H03,MBC,25.0,C2',,,4.013836,VdW,Ligand-DNA,DA,21.0
H03,MBC,25.0,H2'',,,4.3149505,VdW,Ligand-DNA,DA,21.0
H03,MBC,25.0,C3',,,2.9214768,VdW,Ligand-DNA,DA,21.0
H03,MBC,25.0,H3',,,3.5981302,VdW,Ligand-DNA,DA,21.0
H03,MBC,25.0,O3',,,2.104493,HBond,Ligand-DNA,DA,21.0
H03,MBC,25.0,P,,,3.1507738,VdW,Ligand-DNA,DC,22.0
H03,MBC,25.0,OP1,,,2.996441,HBond,Ligand-DNA,DC,22.0
H03,MBC,25.0,OP2,,,4.1499257,VdW,Ligand-DNA,DC,22.0
H03,MBC,25.0,O5',,,4.20274,VdW,Ligand-DNA,DC,22.0
H03,MBC,25.0,C5',,,4.433389,VdW,Ligand-DNA,DC,22.0
H03,MBC,25.0,H5',,,4.2998204,VdW,Ligand-DNA,DC,22.0
H03,MBC,25.0,C4',,,4.027857,VdW,Ligand-DNA,DC,22.0
H03,MBC,25.0,H4',,,3.0919883,VdW,Ligand-DNA,DC,22.0
H03,MBC,25.0,O4',,,4.41764,VdW,Ligand-DNA,DC,22.0
N,,,H4',LYS,171.0,4.3299837,VdW,Protein-DNA,DG,15.0
CG,,,H5',LYS,171.0,3.971398,VdW,Protein-DNA,DG,15.0
CG,,,H5'',LYS,171.0,4.344507,VdW,Protein-DNA,DG,15.0
CG,,,H4',LYS,171.0,3.712169,VdW,Protein-DNA,DG,15.0
CD,,,C5',LYS,171.0,4.287335,VdW,Protein-DNA,DG,15.0
CD,,,H5',LYS,171.0,3.4855995,VdW,Protein-DNA,DG,15.0
CD,,,H5'',LYS,171.0,4.208494,VdW,Protein-DNA,DG,15.0
CD,,,H4',LYS,171.0,4.1723604,VdW,Protein-DNA,DG,15.0
CE,,,O3',LYS,171.0,4.14969,VdW,Protein-DNA,DG,14.0
CE,,,OP1,LYS,171.0,4.031269,VdW,Protein-DNA,DG,15.0
CE,,,O5',LYS,171.0,4.381504,VdW,Protein-DNA,DG,15.0
CE,,,C5',LYS,171.0,3.320967,VdW,Protein-DNA,DG,15.0
CE,,,H5',LYS,171.0,2.6206572,VdW,Protein-DNA,DG,15.0
CE,,,H5'',LYS,171.0,3.0695863,VdW,Protein-DNA,DG,15.0
CE,,,C4',LYS,171.0,4.2212453,VdW,Protein-DNA,DG,15.0
CE,,,H4',LYS,171.0,3.8644032,VdW,Protein-DNA,DG,15.0
NZ,,,C4',LYS,171.0,4.319311,VdW,Protein-DNA,DG,14.0
NZ,,,H4',LYS,171.0,3.3688128,HBond,Protein-DNA,DG,14.0
NZ,,,C3',LYS,171.0,4.401176,VdW,Protein-DNA,DG,14.0
NZ,,,O3',LYS,171.0,3.2805727,HBond,Protein-DNA,DG,14.0
NZ,,,P,LYS,171.0,4.025621,VdW,Protein-DNA,DG,15.0
NZ,,,OP1,LYS,171.0,3.5838423,VdW,Protein-DNA,DG,15.0
NZ,,,O5',LYS,171.0,4.3500977,VdW,Protein-DNA,DG,15.0
NZ,,,C5',LYS,171.0,3.6985471,VdW,Protein-DNA,DG,15.0
NZ,,,H5',LYS,171.0,2.851558,HBond,Protein-DNA,DG,15.0
NZ,,,H5'',LYS,171.0,3.6499171,VdW,Protein-DNA,DG,15.0
HZ1,,,C4',LYS,171.0,3.4299333,VdW,Protein-DNA,DG,14.0
HZ1,,,H4',LYS,171.0,2.514725,VdW,Protein-DNA,DG,14.0
HZ1,,,O4',LYS,171.0,4.036028,VdW,Protein-DNA,DG,14.0
HZ1,,,C1',LYS,171.0,4.306651,VdW,Protein-DNA,DG,14.0
HZ1,,,H1',LYS,171.0,3.771631,VdW,Protein-DNA,DG,14.0
HZ1,,,C2',LYS,171.0,4.4811077,VdW,Protein-DNA,DG,14.0
HZ1,,,C3',LYS,171.0,3.6375833,VdW,Protein-DNA,DG,14.0
HZ1,,,H3',LYS,171.0,4.4369674,VdW,Protein-DNA,DG,14.0
HZ1,,,O3',LYS,171.0,2.6993785,HBond,Protein-DNA,DG,14.0
HZ1,,,P,LYS,171.0,3.7531376,VdW,Protein-DNA,DG,15.0
HZ1,,,OP1,LYS,171.0,3.7103593,VdW,Protein-DNA,DG,15.0
HZ1,,,O5',LYS,171.0,4.027034,VdW,Protein-DNA,DG,15.0
HZ1,,,C5',LYS,171.0,3.4935026,VdW,Protein-DNA,DG,15.0
HZ1,,,H5',LYS,171.0,2.5019052,VdW,Protein-DNA,DG,15.0
HZ1,,,H5'',LYS,171.0,3.7527845,VdW,Protein-DNA,DG,15.0
HZ2,,,C4',LYS,171.0,4.3511667,VdW,Protein-DNA,DG,14.0
HZ2,,,H4',LYS,171.0,3.493083,VdW,Protein-DNA,DG,14.0
HZ2,,,C3',LYS,171.0,4.1709905,VdW,Protein-DNA,DG,14.0
HZ2,,,O3',LYS,171.0,2.9329932,HBond,Protein-DNA,DG,14.0
HZ2,,,P,LYS,171.0,3.4319458,VdW,Protein-DNA,DG,15.0
HZ2,,,OP1,LYS,171.0,2.741368,HBond,Protein-DNA,DG,15.0
HZ2,,,O5',LYS,171.0,4.03376,VdW,Protein-DNA,DG,15.0
HZ2,,,C5',LYS,171.0,3.6279798,VdW,Protein-DNA,DG,15.0
HZ2,,,H5',LYS,171.0,2.998436,VdW,Protein-DNA,DG,15.0
HZ2,,,H5'',LYS,171.0,3.445051,VdW,Protein-DNA,DG,15.0
HZ3,,,H4',LYS,171.0,3.6490257,VdW,Protein-DNA,DG,14.0
HZ3,,,O3',LYS,171.0,4.069874,VdW,Protein-DNA,DG,14.0
HZ3,,,OP1,LYS,171.0,4.4267645,VdW,Protein-DNA,DG,15.0
HZ3,,,H5',LYS,171.0,3.859633,VdW,Protein-DNA,DG,15.0
CA,,,OP1,ARG,173.0,3.5763805,VdW,Protein-DNA,DC,22.0
CB,,,OP1,ARG,173.0,3.915722,VdW,Protein-DNA,DC,22.0
CG,,,H5'',ARG,173.0,4.26922,VdW,Protein-DNA,DA,21.0
CG,,,OP1,ARG,173.0,3.9833374,VdW,Protein-DNA,DC,22.0
CD,,,C5',ARG,173.0,4.358002,VdW,Protein-DNA,DA,21.0
CD,,,H5'',ARG,173.0,3.456357,VdW,Protein-DNA,DA,21.0
CD,,,C4',ARG,173.0,4.4787974,VdW,Protein-DNA,DA,21.0
CD,,,H4',ARG,173.0,4.179544,VdW,Protein-DNA,DA,21.0
CD,,,C3',ARG,173.0,4.188346,VdW,Protein-DNA,DA,21.0
CD,,,H3',ARG,173.0,3.7826765,VdW,Protein-DNA,DA,21.0
CD,,,O3',ARG,173.0,3.776299,VdW,Protein-DNA,DA,21.0
CD,,,P,ARG,173.0,3.4353647,VdW,Protein-DNA,DC,22.0
CD,,,OP1,ARG,173.0,3.0934198,HBond,Protein-DNA,DC,22.0
CD,,,OP2,ARG,173.0,3.2198017,HBond,Protein-DNA,DC,22.0
NE,,,P,ARG,173.0,4.3408527,VdW,Protein-DNA,DA,21.0
NE,,,OP1,ARG,173.0,3.5476582,VdW,Protein-DNA,DA,21.0
NE,,,O5',ARG,173.0,3.8770242,VdW,Protein-DNA,DA,21.0
NE,,,C5',ARG,173.0,3.606134,VdW,Protein-DNA,DA,21.0
NE,,,H5',ARG,173.0,4.44426,VdW,Protein-DNA,DA,21.0
NE,,,H5'',ARG,173.0,2.6817884,HBond,Protein-DNA,DA,21.0
NE,,,C4',ARG,173.0,4.156999,VdW,Protein-DNA,DA,21.0
NE,,,H4',ARG,173.0,4.152506,VdW,Protein-DNA,DA,21.0
NE,,,C3',ARG,173.0,4.02013,VdW,Protein-DNA,DA,21.0
NE,,,H3',ARG,173.0,3.3782675,HBond,Protein-DNA,DA,21.0
NE,,,O3',ARG,173.0,4.1248856,VdW,Protein-DNA,DA,21.0
NE,,,P,ARG,173.0,4.0523615,VdW,Protein-DNA,DC,22.0
NE,,,OP1,ARG,173.0,4.1854544,VdW,Protein-DNA,DC,22.0
NE,,,OP2,ARG,173.0,3.43797,HBond,Protein-DNA,DC,22.0
HE,,,P,ARG,173.0,3.72678,VdW,Protein-DNA,DA,21.0
HE,,,OP1,ARG,173.0,2.866495,HBond,Protein-DNA,DA,21.0
HE,,,O5',ARG,173.0,3.3258092,HBond,Protein-DNA,DA,21.0
HE,,,C5',ARG,173.0,2.900195,VdW,Protein-DNA,DA,21.0
HE,,,H5',ARG,173.0,3.6111257,VdW,Protein-DNA,DA,21.0
HE,,,H5'',ARG,173.0,1.8858186,VdW,Protein-DNA,DA,21.0
HE,,,C4',ARG,173.0,3.6893063,VdW,Protein-DNA,DA,21.0
HE,,,H4',ARG,173.0,3.6855977,VdW,Protein-DNA,DA,21.0
HE,,,C3',ARG,173.0,3.9084694,VdW,Protein-DNA,DA,21.0
HE,,,H3',ARG,173.0,3.3920107,VdW,Protein-DNA,DA,21.0
HE,,,O3',ARG,173.0,4.2002907,VdW,Protein-DNA,DA,21.0
HE,,,P,ARG,173.0,4.4874315,VdW,Protein-DNA,DC,22.0
HE,,,OP2,ARG,173.0,4.0228558,VdW,Protein-DNA,DC,22.0
CZ,,,P,ARG,173.0,4.286483,VdW,Protein-DNA,DA,21.0
CZ,,,OP1,ARG,173.0,3.5409222,VdW,Protein-DNA,DA,21.0
CZ,,,O5',ARG,173.0,4.098485,VdW,Protein-DNA,DA,21.0
CZ,,,C5',ARG,173.0,4.2792587,VdW,Protein-DNA,DA,21.0
CZ,,,H5'',ARG,173.0,3.5264425,VdW,Protein-DNA,DA,21.0
CZ,,,H3',ARG,173.0,3.6719515,VdW,Protein-DNA,DA,21.0
CZ,,,OP2,ARG,173.0,3.5195243,VdW,Protein-DNA,DC,22.0
NH1,,,H3',ARG,173.0,4.2492843,VdW,Protein-DNA,DA,21.0
NH1,,,OP2,ARG,173.0,3.3535447,HBond,Protein-DNA,DC,22.0
HH11,,,H3',ARG,173.0,4.435742,VdW,Protein-DNA,DA,21.0
HH11,,,P,ARG,173.0,4.0847416,VdW,Protein-DNA,DC,22.0
HH11,,,OP1,ARG,173.0,4.1166677,VdW,Protein-DNA,DC,22.0
HH11,,,OP2,ARG,173.0,3.091806,HBond,Protein-DNA,DC,22.0
HH12,,,OP2,ARG,173.0,3.955393,VdW,Protein-DNA,DC,22.0
NH2,,,P,ARG,173.0,3.4412498,HBond,Protein-DNA,DA,21.0
NH2,,,OP1,ARG,173.0,2.6890748,HBond,Protein-DNA,DA,21.0
NH2,,,OP2,ARG,173.0,3.6789076,VdW,Protein-DNA,DA,21.0
NH2,,,O5',ARG,173.0,3.702965,VdW,Protein-DNA,DA,21.0
NH2,,,C5',ARG,173.0,4.2240734,VdW,Protein-DNA,DA,21.0
NH2,,,H5'',ARG,173.0,3.6333876,VdW,Protein-DNA,DA,21.0
NH2,,,H3',ARG,173.0,4.0077786,VdW,Protein-DNA,DA,21.0
NH2,,,OP2,ARG,173.0,4.3802958,VdW,Protein-DNA,DC,22.0
HH21,,,O3',ARG,173.0,3.989222,VdW,Protein-DNA,DC,20.0
HH21,,,P,ARG,173.0,2.5752063,VdW,Protein-DNA,DA,21.0
HH21,,,OP1,ARG,173.0,1.6415967,HBond,Protein-DNA,DA,21.0
HH21,,,OP2,ARG,173.0,3.0774388,HBond,Protein-DNA,DA,21.0
HH21,,,O5',ARG,173.0,3.0826125,HBond,Protein-DNA,DA,21.0
HH21,,,C5',ARG,173.0,3.5990224,VdW,Protein-DNA,DA,21.0
HH21,,,H5',ARG,173.0,4.2179427,VdW,Protein-DNA,DA,21.0
HH21,,,H5'',ARG,173.0,3.0611193,VdW,Protein-DNA,DA,21.0
HH21,,,H3',ARG,173.0,4.0208178,VdW,Protein-DNA,DA,21.0
HH22,,,P,ARG,173.0,3.9200995,VdW,Protein-DNA,DA,21.0
HH22,,,OP1,ARG,173.0,3.3309195,HBond,Protein-DNA,DA,21.0
HH22,,,OP2,ARG,173.0,3.7713594,VdW,Protein-DNA,DA,21.0
HH22,,,O5',ARG,173.0,4.3542266,VdW,Protein-DNA,DA,21.0
C,,,OP1,ARG,173.0,3.8737597,VdW,Protein-DNA,DC,22.0
N,,,OP1,LEU,174.0,3.1713362,HBond,Protein-DNA,DC,22.0
N,,,H5',LEU,174.0,4.0319552,VdW,Protein-DNA,DC,22.0
HN,,,P,LEU,174.0,3.5974505,VdW,Protein-DNA,DC,22.0
HN,,,OP1,LEU,174.0,2.2025642,HBond,Protein-DNA,DC,22.0
HN,,,OP2,LEU,174.0,4.317288,VdW,Protein-DNA,DC,22.0
HN,,,O5',LEU,174.0,4.2330675,VdW,Protein-DNA,DC,22.0
HN,,,C5',LEU,174.0,4.2015676,VdW,Protein-DNA,DC,22.0
HN,,,H5',LEU,174.0,3.2792494,VdW,Protein-DNA,DC,22.0
CA,,,OP1,LEU,174.0,4.1920385,VdW,Protein-DNA,DC,22.0
CA,,,H5',LEU,174.0,4.3659134,VdW,Protein-DNA,DC,22.0
CB,,,OP1,LEU,174.0,4.0229006,VdW,Protein-DNA,DC,22.0
CB,,,C5',LEU,174.0,4.4077454,VdW,Protein-DNA,DC,22.0
CB,,,H5',LEU,174.0,3.4844165,VdW,Protein-DNA,DC,22.0
CD2,,,H5',LEU,174.0,4.3515935,VdW,Protein-DNA,DC,22.0
CD2,,,H5'',LEU,174.0,4.4253206,VdW,Protein-DNA,DC,22.0
HN,,,OP1,TYR,175.0,4.372516,VdW,Protein-DNA,DC,22.0
CA,,,OP1,SER,205.0,3.7157898,VdW,Protein-DNA,DA,5.0
CB,,,OP1,SER,205.0,3.4508102,HBond,Protein-DNA,DA,5.0
OG,,,OP1,SER,205.0,4.0264473,VdW,Protein-DNA,DA,5.0
C,,,OP1,SER,205.0,4.259093,VdW,Protein-DNA,DA,5.0
O,,,OP1,SER,205.0,3.8422534,VdW,Protein-DNA,DA,5.0
CD,,,OP1,LYS,208.0,4.285149,VdW,Protein-DNA,DA,5.0
CE,,,P,LYS,208.0,3.8095114,VdW,Protein-DNA,DA,5.0
CE,,,OP1,LYS,208.0,3.641872,VdW,Protein-DNA,DA,5.0
CE,,,OP2,LYS,208.0,3.2090118,HBond,Protein-DNA,DA,5.0
CE,,,O5',LYS,208.0,4.356618,VdW,Protein-DNA,DA,5.0
NZ,,,H3',LYS,208.0,4.4684134,VdW,Protein-DNA,DA,4.0
NZ,,,O3',LYS,208.0,4.470088,VdW,Protein-DNA,DA,4.0
NZ,,,P,LYS,208.0,3.1903725,HBond,Protein-DNA,DA,5.0
NZ,,,OP1,LYS,208.0,2.8324978,HBond,Protein-DNA,DA,5.0
NZ,,,OP2,LYS,208.0,2.6965375,HBond,Protein-DNA,DA,5.0
NZ,,,O5',LYS,208.0,4.233709,VdW,Protein-DNA,DA,5.0
HZ1,,,P,LYS,208.0,4.0935535,VdW,Protein-DNA,DA,5.0
HZ1,,,OP1,LYS,208.0,3.5671651,VdW,Protein-DNA,DA,5.0
HZ1,,,OP2,LYS,208.0,3.5965421,VdW,Protein-DNA,DA,5.0
HZ2,,,H3',LYS,208.0,4.415805,VdW,Protein-DNA,DA,4.0
HZ2,,,O3',LYS,208.0,3.9773233,VdW,Protein-DNA,DA,4.0
HZ2,,,P,LYS,208.0,2.7031548,VdW,Protein-DNA,DA,5.0
HZ2,,,OP1,LYS,208.0,1.9490832,HBond,Protein-DNA,DA,5.0
HZ2,,,OP2,LYS,208.0,2.7352297,HBond,Protein-DNA,DA,5.0
HZ2,,,O5',LYS,208.0,3.7497208,VdW,Protein-DNA,DA,5.0
HZ3,,,C3',LYS,208.0,4.2765856,VdW,Protein-DNA,DA,4.0
HZ3,,,H3',LYS,208.0,3.580293,VdW,Protein-DNA,DA,4.0
HZ3,,,O3',LYS,208.0,3.9395337,VdW,Protein-DNA,DA,4.0
HZ3,,,P,LYS,208.0,2.8354561,VdW,Protein-DNA,DA,5.0
HZ3,,,OP1,LYS,208.0,2.916018,HBond,Protein-DNA,DA,5.0
HZ3,,,OP2,LYS,208.0,1.9837605,HBond,Protein-DNA,DA,5.0
HZ3,,,O5',LYS,208.0,4.028787,VdW,Protein-DNA,DA,5.0
CD1,,,OP2,TRP,215.0,3.7952745,VdW,Protein-DNA,DT,23.0
NE1,,,H3',TRP,215.0,4.444712,VdW,Protein-DNA,DC,22.0
NE1,,,O3',TRP,215.0,4.475862,VdW,Protein-DNA,DC,22.0
NE1,,,P,TRP,215.0,3.815595,VdW,Protein-DNA,DT,23.0
NE1,,,OP1,TRP,215.0,4.0530906,VdW,Protein-DNA,DT,23.0
NE1,,,OP2,TRP,215.0,2.772242,HBond,Protein-DNA,DT,23.0
HE1,,,C3',TRP,215.0,4.245121,VdW,Protein-DNA,DC,22.0
HE1,,,H3',TRP,215.0,3.5897236,VdW,Protein-DNA,DC,22.0
HE1,,,O3',TRP,215.0,3.7998216,VdW,Protein-DNA,DC,22.0
HE1,,,P,TRP,215.0,3.1083958,VdW,Protein-DNA,DT,23.0
HE1,,,OP1,TRP,215.0,3.6577733,VdW,Protein-DNA,DT,23.0
HE1,,,OP2,TRP,215.0,1.887628,HBond,Protein-DNA,DT,23.0
HE1,,,O5',TRP,215.0,4.3569617,VdW,Protein-DNA,DT,23.0
CE2,,,P,TRP,215.0,4.277268,VdW,Protein-DNA,DT,23.0
CE2,,,OP1,TRP,215.0,4.242861,VdW,Protein-DNA,DT,23.0
CE2,,,OP2,TRP,215.0,3.5936062,VdW,Protein-DNA,DT,23.0
CZ2,,,H5',TRP,215.0,3.9097426,VdW,Protein-DNA,DC,22.0
CZ2,,,H3',TRP,215.0,4.4954515,VdW,Protein-DNA,DC,22.0
CZ2,,,O3',TRP,215.0,4.015294,VdW,Protein-DNA,DC,22.0
CZ2,,,P,TRP,215.0,4.147965,VdW,Protein-DNA,DT,23.0
CZ2,,,OP1,TRP,215.0,4.0933247,VdW,Protein-DNA,DT,23.0
CZ2,,,OP2,TRP,215.0,3.8268244,VdW,Protein-DNA,DT,23.0
CB,,,OP1,LYS,219.0,3.617262,VdW,Protein-DNA,DT,23.0
CG,,,OP1,LYS,219.0,3.5629082,VdW,Protein-DNA,DT,23.0
CD,,,OP1,LYS,219.0,4.087666,VdW,Protein-DNA,DT,23.0
CE,,,O3',LYS,219.0,4.254464,VdW,Protein-DNA,DC,22.0
CE,,,P,LYS,219.0,4.4537773,VdW,Protein-DNA,DT,23.0
CE,,,OP1,LYS,219.0,3.384051,HBond,Protein-DNA,DT,23.0
NZ,,,C4',LYS,219.0,4.4332466,VdW,Protein-DNA,DC,22.0
NZ,,,H4',LYS,219.0,3.661201,VdW,Protein-DNA,DC,22.0
NZ,,,C3',LYS,219.0,4.157391,VdW,Protein-DNA,DC,22.0
NZ,,,O3',LYS,219.0,2.892502,HBond,Protein-DNA,DC,22.0
NZ,,,P,LYS,219.0,3.2539735,HBond,Protein-DNA,DT,23.0
NZ,,,OP1,LYS,219.0,2.5505126,HBond,Protein-DNA,DT,23.0
NZ,,,OP2,LYS,219.0,4.0774484,VdW,Protein-DNA,DT,23.0
HZ1,,,H4',LYS,219.0,4.0736423,VdW,Protein-DNA,DC,22.0
HZ1,,,C3',LYS,219.0,4.0211973,VdW,Protein-DNA,DC,22.0
HZ1,,,H3',LYS,219.0,4.3452234,VdW,Protein-DNA,DC,22.0
HZ1,,,O3',LYS,219.0,2.6626313,HBond,Protein-DNA,DC,22.0
HZ1,,,P,LYS,219.0,2.5094066,VdW,Protein-DNA,DT,23.0
HZ1,,,OP1,LYS,219.0,1.6462541,HBond,Protein-DNA,DT,23.0
HZ1,,,OP2,LYS,219.0,3.2782874,HBond,Protein-DNA,DT,23.0
HZ1,,,O5',LYS,219.0,3.87114,VdW,Protein-DNA,DT,23.0
HZ1,,,C5',LYS,219.0,4.357514,VdW,Protein-DNA,DT,23.0
HZ1,,,H5',LYS,219.0,4.171424,VdW,Protein-DNA,DT,23.0
HZ1,,,H5'',LYS,219.0,4.263078,VdW,Protein-DNA,DT,23.0
HZ2,,,H5',LYS,219.0,4.007993,VdW,Protein-DNA,DC,22.0
HZ2,,,C4',LYS,219.0,4.3207793,VdW,Protein-DNA,DC,22.0
HZ2,,,H4',LYS,219.0,3.5592349,VdW,Protein-DNA,DC,22.0
HZ2,,,C3',LYS,219.0,4.242265,VdW,Protein-DNA,DC,22.0
HZ2,,,O3',LYS,219.0,3.1909614,HBond,Protein-DNA,DC,22.0
HZ2,,,P,LYS,219.0,3.7136757,VdW,Protein-DNA,DT,23.0
HZ2,,,OP1,LYS,219.0,3.2729137,HBond,Protein-DNA,DT,23.0
HZ2,,,OP2,LYS,219.0,4.224397,VdW,Protein-DNA,DT,23.0
HZ3,,,H5',LYS,219.0,4.2713313,VdW,Protein-DNA,DC,22.0
HZ3,,,C4',LYS,219.0,3.7172458,VdW,Protein-DNA,DC,22.0
HZ3,,,H4',LYS,219.0,2.8874726,VdW,Protein-DNA,DC,22.0
HZ3,,,H1',LYS,219.0,4.2089005,VdW,Protein-DNA,DC,22.0
HZ3,,,C2',LYS,219.0,4.4869604,VdW,Protein-DNA,DC,22.0
HZ3,,,H2'',LYS,219.0,4.403124,VdW,Protein-DNA,DC,22.0
HZ3,,,C3',LYS,219.0,3.553377,VdW,Protein-DNA,DC,22.0
HZ3,,,H3',LYS,219.0,4.2216663,VdW,Protein-DNA,DC,22.0
HZ3,,,O3',LYS,219.0,2.3588645,HBond,Protein-DNA,DC,22.0
HZ3,,,P,LYS,219.0,3.11382,VdW,Protein-DNA,DT,23.0
HZ3,,,OP1,LYS,219.0,2.6914952,HBond,Protein-DNA,DT,23.0
HZ3,,,OP2,LYS,219.0,4.1442466,VdW,Protein-DNA,DT,23.0
HZ3,,,O5',LYS,219.0,4.2041335,VdW,Protein-DNA,DT,23.0
HZ3,,,H5',LYS,219.0,4.364726,VdW,Protein-DNA,DT,23.0
O,,,H5',GLY,220.0,4.3200893,VdW,Protein-DNA,DG,14.0
O,,,H5'',GLY,220.0,4.1604385,VdW,Protein-DNA,DG,14.0
O,,,H4',GLY,220.0,3.9182773,VdW,Protein-DNA,DG,14.0
CA,,,OP1,ASN,221.0,4.185144,VdW,Protein-DNA,DT,24.0
CB,,,H5'',ASN,221.0,3.9155338,VdW,Protein-DNA,DT,23.0
CB,,,P,ASN,221.0,4.3474565,VdW,Protein-DNA,DT,24.0
CB,,,OP1,ASN,221.0,3.4359915,HBond,Protein-DNA,DT,24.0
CB,,,OP2,ASN,221.0,4.485778,VdW,Protein-DNA,DT,24.0
CG,,,OP1,ASN,221.0,3.9586911,VdW,Protein-DNA,DT,23.0
CG,,,C5',ASN,221.0,3.7611094,VdW,Protein-DNA,DT,23.0
CG,,,H5',ASN,221.0,4.0032682,VdW,Protein-DNA,DT,23.0
CG,,,H5'',ASN,221.0,2.7276862,VdW,Protein-DNA,DT,23.0
CG,,,C4',ASN,221.0,4.4850545,VdW,Protein-DNA,DT,23.0
CG,,,H4',ASN,221.0,4.424111,VdW,Protein-DNA,DT,23.0
CG,,,H3',ASN,221.0,3.9127548,VdW,Protein-DNA,DT,23.0
CG,,,OP1,ASN,221.0,4.1340384,VdW,Protein-DNA,DT,24.0
OD1,,,P,ASN,221.0,4.2331424,VdW,Protein-DNA,DT,23.0
OD1,,,OP1,ASN,221.0,3.5576317,VdW,Protein-DNA,DT,23.0
OD1,,,OP2,ASN,221.0,4.3816953,VdW,Protein-DNA,DT,23.0
OD1,,,O5',ASN,221.0,4.3524904,VdW,Protein-DNA,DT,23.0
OD1,,,C5',ASN,221.0,3.7781148,VdW,Protein-DNA,DT,23.0
OD1,,,H5',ASN,221.0,4.2349606,VdW,Protein-DNA,DT,23.0
OD1,,,H5'',ASN,221.0,2.6981204,HBond,Protein-DNA,DT,23.0
OD1,,,H3',ASN,221.0,3.6792514,VdW,Protein-DNA,DT,23.0
OD1,,,OP2,ASN,221.0,4.4277897,VdW,Protein-DNA,DT,24.0
ND2,,,OP1,ASN,221.0,3.49378,HBond,Protein-DNA,DT,23.0
ND2,,,O5',ASN,221.0,4.3684955,VdW,Protein-DNA,DT,23.0
ND2,,,C5',ASN,221.0,3.3242297,HBond,Protein-DNA,DT,23.0
ND2,,,H5',ASN,221.0,3.2079568,HBond,Protein-DNA,DT,23.0
ND2,,,H5'',ASN,221.0,2.5159943,HBond,Protein-DNA,DT,23.0
ND2,,,C4',ASN,221.0,4.195695,VdW,Protein-DNA,DT,23.0
ND2,,,H4',ASN,221.0,3.9935842,VdW,Protein-DNA,DT,23.0
ND2,,,H3',ASN,221.0,4.2982745,VdW,Protein-DNA,DT,23.0
HD21,,,OP1,ASN,221.0,4.294093,VdW,Protein-DNA,DT,23.0
HD21,,,C5',ASN,221.0,3.8383377,VdW,Protein-DNA,DT,23.0
HD21,,,H5',ASN,221.0,3.5546765,VdW,Protein-DNA,DT,23.0
HD21,,,H5'',ASN,221.0,3.1809304,VdW,Protein-DNA,DT,23.0
HD21,,,H4',ASN,221.0,4.0618935,VdW,Protein-DNA,DT,23.0
HD22,,,P,ASN,221.0,3.7204678,VdW,Protein-DNA,DT,23.0
HD22,,,OP1,ASN,221.0,2.5833237,HBond,Protein-DNA,DT,23.0
HD22,,,O5',ASN,221.0,3.7487292,VdW,Protein-DNA,DT,23.0
HD22,,,C5',ASN,221.0,2.8899386,VdW,Protein-DNA,DT,23.0
HD22,,,H5',ASN,221.0,2.66505,VdW,Protein-DNA,DT,23.0
HD22,,,H5'',ASN,221.0,2.2141538,VdW,Protein-DNA,DT,23.0
HD22,,,C4',ASN,221.0,4.0424657,VdW,Protein-DNA,DT,23.0
HD22,,,H4',ASN,221.0,4.0051665,VdW,Protein-DNA,DT,23.0
HD22,,,H3',ASN,221.0,4.3441906,VdW,Protein-DNA,DT,23.0
C,,,OP1,ASN,221.0,4.1986413,VdW,Protein-DNA,DT,24.0
N,,,OP1,ARG,222.0,3.5235775,VdW,Protein-DNA,DT,24.0
HN,,,P,ARG,222.0,4.2961316,VdW,Protein-DNA,DT,24.0
HN,,,OP1,ARG,222.0,2.8462653,HBond,Protein-DNA,DT,24.0
CA,,,OP1,ARG,222.0,4.2844276,VdW,Protein-DNA,DT,24.0
CG,,,H4',ARG,222.0,4.2805634,VdW,Protein-DNA,DT,13.0
CG,,,OP1,ARG,222.0,4.162439,VdW,Protein-DNA,DT,24.0
CG,,,H5'',ARG,222.0,4.2967014,VdW,Protein-DNA,DT,24.0
CD,,,C5',ARG,222.0,4.4865227,VdW,Protein-DNA,DT,13.0
CD,,,H5'',ARG,222.0,3.551008,VdW,Protein-DNA,DT,13.0
CD,,,H4',ARG,222.0,3.7665255,VdW,Protein-DNA,DT,13.0
CD,,,O3',ARG,222.0,4.262062,VdW,Protein-DNA,DT,13.0
NE,,,C5',ARG,222.0,4.2864456,VdW,Protein-DNA,DT,13.0
NE,,,H5'',ARG,222.0,3.4889972,HBond,Protein-DNA,DT,13.0
NE,,,C4',ARG,222.0,4.158872,VdW,Protein-DNA,DT,13.0
NE,,,H4',ARG,222.0,3.572874,VdW,Protein-DNA,DT,13.0
NE,,,C3',ARG,222.0,4.1108704,VdW,Protein-DNA,DT,13.0
NE,,,H3',ARG,222.0,4.2169,VdW,Protein-DNA,DT,13.0
NE,,,O3',ARG,222.0,3.2737575,HBond,Protein-DNA,DT,13.0
NE,,,P,ARG,222.0,3.8631623,VdW,Protein-DNA,DG,14.0
NE,,,OP1,ARG,222.0,3.195918,HBond,Protein-DNA,DG,14.0
HE,,,H5'',ARG,222.0,4.0589595,VdW,Protein-DNA,DT,13.0
HE,,,C4',ARG,222.0,4.2415705,VdW,Protein-DNA,DT,13.0
HE,,,H4',ARG,222.0,3.597625,VdW,Protein-DNA,DT,13.0
HE,,,C3',ARG,222.0,3.9798834,VdW,Protein-DNA,DT,13.0
HE,,,H3',ARG,222.0,4.2300897,VdW,Protein-DNA,DT,13.0
HE,,,O3',ARG,222.0,2.864577,HBond,Protein-DNA,DT,13.0
HE,,,P,ARG,222.0,3.2605674,VdW,Protein-DNA,DG,14.0
HE,,,OP1,ARG,222.0,2.4362721,HBond,Protein-DNA,DG,14.0
HE,,,OP2,ARG,222.0,4.2902865,VdW,Protein-DNA,DG,14.0
HE,,,O5',ARG,222.0,4.373101,VdW,Protein-DNA,DG,14.0
HE,,,C5',ARG,222.0,4.459418,VdW,Protein-DNA,DG,14.0
HE,,,H5',ARG,222.0,4.108242,VdW,Protein-DNA,DG,14.0
HE,,,H5'',ARG,222.0,4.2106533,VdW,Protein-DNA,DG,14.0
CZ,,,O5',ARG,222.0,4.390164,VdW,Protein-DNA,DT,13.0
CZ,,,C5',ARG,222.0,4.1297913,VdW,Protein-DNA,DT,13.0
CZ,,,H5'',ARG,222.0,3.3519115,VdW,Protein-DNA,DT,13.0
CZ,,,C4',ARG,222.0,4.2809386,VdW,Protein-DNA,DT,13.0
CZ,,,H4',ARG,222.0,4.01822,VdW,Protein-DNA,DT,13.0
CZ,,,C3',ARG,222.0,4.0428376,VdW,Protein-DNA,DT,13.0
CZ,,,H3',ARG,222.0,3.7957947,VdW,Protein-DNA,DT,13.0
CZ,,,O3',ARG,222.0,3.4737358,HBond,Protein-DNA,DT,13.0
CZ,,,P,ARG,222.0,3.8625534,VdW,Protein-DNA,DG,14.0
CZ,,,OP1,ARG,222.0,3.3587842,HBond,Protein-DNA,DG,14.0
CZ,,,OP2,ARG,222.0,4.2389855,VdW,Protein-DNA,DG,14.0
NH1,,,O5',ARG,222.0,4.2577405,VdW,Protein-DNA,DT,13.0
NH1,,,C5',ARG,222.0,4.1123805,VdW,Protein-DNA,DT,13.0
NH1,,,H5'',ARG,222.0,3.2016642,HBond,Protein-DNA,DT,13.0
NH1,,,H3',ARG,222.0,4.3438206,VdW,Protein-DNA,DT,13.0
NH1,,,O3',ARG,222.0,4.4919567,VdW,Protein-DNA,DT,13.0
HH11,,,C5',ARG,222.0,4.18713,VdW,Protein-DNA,DT,13.0
HH11,,,H5'',ARG,222.0,3.147745,VdW,Protein-DNA,DT,13.0
HH12,,,O5',ARG,222.0,4.2480035,VdW,Protein-DNA,DT,13.0
HH12,,,C5',ARG,222.0,4.4366107,VdW,Protein-DNA,DT,13.0
HH12,,,H5'',ARG,222.0,3.6523573,VdW,Protein-DNA,DT,13.0
HH12,,,H3',ARG,222.0,4.475604,VdW,Protein-DNA,DT,13.0
NH2,,,H5'',ARG,222.0,4.068638,VdW,Protein-DNA,DT,13.0
NH2,,,H4',ARG,222.0,4.4893003,VdW,Protein-DNA,DT,13.0
NH2,,,C3',ARG,222.0,3.8655117,VdW,Protein-DNA,DT,13.0
NH2,,,H3',ARG,222.0,3.442288,HBond,Protein-DNA,DT,13.0
NH2,,,O3',ARG,222.0,3.2504895,HBond,Protein-DNA,DT,13.0
NH2,,,P,ARG,222.0,3.1242166,HBond,Protein-DNA,DG,14.0
NH2,,,OP1,ARG,222.0,2.676582,HBond,Protein-DNA,DG,14.0
NH2,,,OP2,ARG,222.0,3.2211683,HBond,Protein-DNA,DG,14.0
HH21,,,C3',ARG,222.0,3.7358868,VdW,Protein-DNA,DT,13.0
HH21,,,H3',ARG,222.0,3.48823,VdW,Protein-DNA,DT,13.0
HH21,,,O3',ARG,222.0,2.8298104,HBond,Protein-DNA,DT,13.0
HH21,,,P,ARG,222.0,2.3169756,VdW,Protein-DNA,DG,14.0
HH21,,,OP1,ARG,222.0,1.6617275,HBond,Protein-DNA,DG,14.0
HH21,,,OP2,ARG,222.0,2.6545904,HBond,Protein-DNA,DG,14.0
HH21,,,O5',ARG,222.0,3.8072188,VdW,Protein-DNA,DG,14.0
HH21,,,C5',ARG,222.0,4.4556103,VdW,Protein-DNA,DG,14.0
HH21,,,H5'',ARG,222.0,4.1735697,VdW,Protein-DNA,DG,14.0
HH22,,,H5'',ARG,222.0,4.434279,VdW,Protein-DNA,DT,13.0
HH22,,,C3',ARG,222.0,4.2727723,VdW,Protein-DNA,DT,13.0
HH22,,,H3',ARG,222.0,3.6025748,VdW,Protein-DNA,DT,13.0
HH22,,,O3',ARG,222.0,3.9210775,VdW,Protein-DNA,DT,13.0
HH22,,,P,ARG,222.0,3.6742141,VdW,Protein-DNA,DG,14.0
HH22,,,OP1,ARG,222.0,3.4313712,HBond,Protein-DNA,DG,14.0
HH22,,,OP2,ARG,222.0,3.3377004,HBond,Protein-DNA,DG,14.0
C,,,OP1,ARG,222.0,4.092881,VdW,Protein-DNA,DT,24.0
N,,,P,LYS,223.0,4.4073424,VdW,Protein-DNA,DT,24.0
N,,,OP1,LYS,223.0,3.1976373,HBond,Protein-DNA,DT,24.0
HN,,,P,LYS,223.0,3.7928061,VdW,Protein-DNA,DT,24.0
HN,,,OP1,LYS,223.0,2.4990432,HBond,Protein-DNA,DT,24.0
HN,,,OP2,LYS,223.0,4.3318224,VdW,Protein-DNA,DT,24.0
HN,,,O5',LYS,223.0,4.4589143,VdW,Protein-DNA,DT,24.0
CA,,,OP1,LYS,223.0,3.7635856,VdW,Protein-DNA,DT,24.0
CB,,,P,LYS,223.0,3.9797127,VdW,Protein-DNA,DT,24.0
CB,,,OP1,LYS,223.0,3.5186005,VdW,Protein-DNA,DT,24.0
CB,,,OP2,LYS,223.0,4.3380413,VdW,Protein-DNA,DT,24.0
CB,,,O5',LYS,223.0,3.6212296,VdW,Protein-DNA,DT,24.0
CB,,,C5',LYS,223.0,4.3441067,VdW,Protein-DNA,DT,24.0
CB,,,H5'',LYS,223.0,3.893795,VdW,Protein-DNA,DT,24.0
CB,,,H3',LYS,223.0,4.186497,VdW,Protein-DNA,DT,24.0
CG,,,OP1,LYS,223.0,4.4960866,VdW,Protein-DNA,DT,24.0
CG,,,O5',LYS,223.0,4.247081,VdW,Protein-DNA,DT,24.0
CG,,,H5'',LYS,223.0,3.8127298,VdW,Protein-DNA,DT,24.0
CG,,,H3',LYS,223.0,4.27773,VdW,Protein-DNA,DT,24.0
CD,,,O5',LYS,223.0,4.2296925,VdW,Protein-DNA,DT,24.0
CD,,,C5',LYS,223.0,4.412688,VdW,Protein-DNA,DT,24.0
CD,,,H5'',LYS,223.0,3.795507,VdW,Protein-DNA,DT,24.0
CD,,,C3',LYS,223.0,4.057664,VdW,Protein-DNA,DT,24.0
CD,,,H3',LYS,223.0,3.4143507,VdW,Protein-DNA,DT,24.0
CD,,,O3',LYS,223.0,3.717374,VdW,Protein-DNA,DT,24.0
CD,,,P,LYS,223.0,3.8144798,VdW,Protein-DNA,DC,25.0
CD,,,OP1,LYS,223.0,3.588197,VdW,Protein-DNA,DC,25.0
CD,,,OP2,LYS,223.0,3.697922,VdW,Protein-DNA,DC,25.0
CE,,,P,LYS,223.0,4.1481614,VdW,Protein-DNA,DC,25.0
CE,,,OP1,LYS,223.0,3.5843961,VdW,Protein-DNA,DC,25.0
CE,,,OP2,LYS,223.0,3.9322379,VdW,Protein-DNA,DC,25.0
NZ,,,O3',LYS,223.0,4.2136126,VdW,Protein-DNA,DT,24.0
NZ,,,P,LYS,223.0,3.3823717,HBond,Protein-DNA,DC,25.0
NZ,,,OP1,LYS,223.0,2.5058386,HBond,Protein-DNA,DC,25.0
NZ,,,OP2,LYS,223.0,3.426184,HBond,Protein-DNA,DC,25.0
HZ1,,,C3',LYS,223.0,4.2642765,VdW,Protein-DNA,DT,24.0
HZ1,,,H3',LYS,223.0,3.972294,VdW,Protein-DNA,DT,24.0
HZ1,,,O3',LYS,223.0,3.3648894,HBond,Protein-DNA,DT,24.0
HZ1,,,P,LYS,223.0,2.3756447,VdW,Protein-DNA,DC,25.0
HZ1,,,OP1,LYS,223.0,1.7432069,HBond,Protein-DNA,DC,25.0
HZ1,,,OP2,LYS,223.0,2.4267817,HBond,Protein-DNA,DC,25.0
HZ1,,,O5',LYS,223.0,3.7249546,VdW,Protein-DNA,DC,25.0
HZ2,,,O3',LYS,223.0,4.332593,VdW,Protein-DNA,DT,24.0
HZ2,,,P,LYS,223.0,3.6423934,VdW,Protein-DNA,DC,25.0
HZ2,,,OP1,LYS,223.0,2.430209,HBond,Protein-DNA,DC,25.0
HZ2,,,OP2,LYS,223.0,4.063783,VdW,Protein-DNA,DC,25.0
HZ3,,,P,LYS,223.0,3.9931655,VdW,Protein-DNA,DC,25.0
HZ3,,,OP1,LYS,223.0,3.1429417,HBond,Protein-DNA,DC,25.0
HZ3,,,OP2,LYS,223.0,3.855293,VdW,Protein-DNA,DC,25.0
C,,,OP1,LYS,223.0,4.146162,VdW,Protein-DNA,DT,24.0
O,,,P,LYS,223.0,4.4938607,VdW,Protein-DNA,DT,24.0
O,,,OP1,LYS,223.0,3.820983,VdW,Protein-DNA,DT,24.0
O,,,OP2,LYS,223.0,4.194264,VdW,Protein-DNA,DT,24.0
O,,,OP2,LYS,224.0,4.304047,VdW,Protein-DNA,DT,24.0
SD,,,H3',MET,225.0,4.448916,VdW,Protein-DNA,DT,23.0
SD,,,OP2,MET,225.0,4.1903944,VdW,Protein-DNA,DT,24.0
CE,,,P,MET,225.0,4.253579,VdW,Protein-DNA,DT,23.0
CE,,,OP2,MET,225.0,3.352976,HBond,Protein-DNA,DT,23.0
CE,,,O5',MET,225.0,4.1676617,VdW,Protein-DNA,DT,23.0
CE,,,C5',MET,225.0,4.4985137,VdW,Protein-DNA,DT,23.0
CE,,,H5'',MET,225.0,3.9623652,VdW,Protein-DNA,DT,23.0
CE,,,C2',MET,225.0,4.3070984,VdW,Protein-DNA,DT,23.0
CE,,,H2',MET,225.0,3.687401,VdW,Protein-DNA,DT,23.0
CE,,,C3',MET,225.0,3.9735243,VdW,Protein-DNA,DT,23.0
CE,,,H3',MET,225.0,2.9747488,VdW,Protein-DNA,DT,23.0
CE,,,OP2,MET,225.0,3.545503,VdW,Protein-DNA,DT,24.0
CE2,,,H3',TYR,227.0,4.293099,VdW,Protein-DNA,DA,5.0
CE2,,,OP2,TYR,227.0,4.0850267,VdW,Protein-DNA,DG,6.0
CZ,,,OP2,TYR,227.0,4.249382,VdW,Protein-DNA,DG,6.0
OH,,,OP2,TYR,227.0,3.4385543,HBond,Protein-DNA,DG,6.0
HH,,,H3',TYR,227.0,4.0525274,VdW,Protein-DNA,DA,5.0
HH,,,P,TYR,227.0,3.9906704,VdW,Protein-DNA,DG,6.0
HH,,,OP2,TYR,227.0,2.549463,HBond,Protein-DNA,DG,6.0
CG,,,H41,GLU,228.0,4.1882257,VdW,Protein-DNA,DC,26.0
CD,,,N4,GLU,228.0,4.300603,VdW,Protein-DNA,DC,26.0
CD,,,H41,GLU,228.0,3.5191991,VdW,Protein-DNA,DC,26.0
CD,,,N4,GLU,228.0,4.390438,VdW,Protein-DNA,DC,27.0
CD,,,H41,GLU,228.0,3.9230652,VdW,Protein-DNA,DC,27.0
CD,,,H42,GLU,228.0,4.0426955,VdW,Protein-DNA,DC,27.0
OE1,,,C4,GLU,228.0,4.325439,VdW,Protein-DNA,DC,26.0
OE1,,,N4,GLU,228.0,3.44389,HBond,Protein-DNA,DC,26.0
OE1,,,H41,GLU,228.0,2.5355968,HBond,Protein-DNA,DC,26.0
OE1,,,H42,GLU,228.0,3.9264874,VdW,Protein-DNA,DC,26.0
OE1,,,C5,GLU,228.0,4.364345,VdW,Protein-DNA,DC,26.0
OE1,,,H5,GLU,228.0,3.6925187,VdW,Protein-DNA,DC,26.0
OE1,,,N4,GLU,228.0,4.123165,VdW,Protein-DNA,DC,27.0
OE1,,,H41,GLU,228.0,3.6056466,VdW,Protein-DNA,DC,27.0
OE1,,,H42,GLU,228.0,3.889867,VdW,Protein-DNA,DC,27.0
OE2,,,H41,GLU,228.0,4.388209,VdW,Protein-DNA,DC,26.0
OE2,,,N4,GLU,228.0,4.3407135,VdW,Protein-DNA,DC,27.0
OE2,,,H41,GLU,228.0,3.7632136,VdW,Protein-DNA,DC,27.0
OE2,,,H42,GLU,228.0,4.150914,VdW,Protein-DNA,DC,27.0
CA,,,C7,LYS,229.0,4.43932,VdW,Protein-DNA,DT,24.0
CA,,,H72,LYS,229.0,4.349092,VdW,Protein-DNA,DT,24.0
CA,,,H73,LYS,229.0,3.593151,VdW,Protein-DNA,DT,24.0
CB,,,C7,LYS,229.0,4.1389804,VdW,Protein-DNA,DT,24.0
CB,,,H71,LYS,229.0,4.4978123,VdW,Protein-DNA,DT,24.0
CB,,,H72,LYS,229.0,4.430941,VdW,Protein-DNA,DT,24.0
CB,,,H73,LYS,229.0,3.1168556,VdW,Protein-DNA,DT,24.0
CG,,,H6,LYS,229.0,3.9197907,VdW,Protein-DNA,DT,24.0
CG,,,C7,LYS,229.0,3.9653141,VdW,Protein-DNA,DT,24.0
CG,,,H72,LYS,229.0,4.4050903,VdW,Protein-DNA,DT,24.0
CG,,,H73,LYS,229.0,2.8864067,VdW,Protein-DNA,DT,24.0
CG,,,H2',LYS,229.0,4.3887434,VdW,Protein-DNA,DT,24.0
CG,,,H5,LYS,229.0,4.4283876,VdW,Protein-DNA,DC,25.0
CD,,,C2',LYS,229.0,4.49698,VdW,Protein-DNA,DT,23.0
CD,,,H2',LYS,229.0,4.218464,VdW,Protein-DNA,DT,23.0
CD,,,H2'',LYS,229.0,3.8368297,VdW,Protein-DNA,DT,23.0
CD,,,OP2,LYS,229.0,3.6924326,VdW,Protein-DNA,DT,24.0
CD,,,C6,LYS,229.0,3.9901083,VdW,Protein-DNA,DT,24.0
CD,,,H6,LYS,229.0,3.1040986,VdW,Protein-DNA,DT,24.0
CD,,,C5,LYS,229.0,4.4293346,VdW,Protein-DNA,DT,24.0
CD,,,C7,LYS,229.0,4.0522947,VdW,Protein-DNA,DT,24.0
CD,,,H71,LYS,229.0,4.4390917,VdW,Protein-DNA,DT,24.0
CD,,,H73,LYS,229.0,3.0520215,VdW,Protein-DNA,DT,24.0
CD,,,H2',LYS,229.0,3.4955719,VdW,Protein-DNA,DT,24.0
CD,,,H3',LYS,229.0,4.4407063,VdW,Protein-DNA,DT,24.0
CE,,,OP2,LYS,229.0,3.7011182,VdW,Protein-DNA,DT,24.0
CE,,,O5',LYS,229.0,4.3954477,VdW,Protein-DNA,DT,24.0
CE,,,H6,LYS,229.0,4.156206,VdW,Protein-DNA,DT,24.0
CE,,,H2',LYS,229.0,3.726463,VdW,Protein-DNA,DT,24.0
CE,,,H3',LYS,229.0,4.0159082,VdW,Protein-DNA,DT,24.0
NZ,,,P,LYS,229.0,3.5350184,VdW,Protein-DNA,DT,24.0
NZ,,,OP1,LYS,229.0,4.491716,VdW,Protein-DNA,DT,24.0
NZ,,,OP2,LYS,229.0,2.6288106,HBond,Protein-DNA,DT,24.0
NZ,,,O5',LYS,229.0,3.3061743,HBond,Protein-DNA,DT,24.0
NZ,,,H6,LYS,229.0,4.4089894,VdW,Protein-DNA,DT,24.0
NZ,,,H2',LYS,229.0,3.9740336,VdW,Protein-DNA,DT,24.0
NZ,,,C3',LYS,229.0,4.390432,VdW,Protein-DNA,DT,24.0
NZ,,,H3',LYS,229.0,3.4314408,HBond,Protein-DNA,DT,24.0
HZ1,,,P,LYS,229.0,3.9570377,VdW,Protein-DNA,DT,24.0
HZ1,,,OP2,LYS,229.0,3.3121889,HBond,Protein-DNA,DT,24.0
HZ1,,,O5',LYS,229.0,3.4902112,HBond,Protein-DNA,DT,24.0
HZ1,,,H2',LYS,229.0,4.2124248,VdW,Protein-DNA,DT,24.0
HZ1,,,C3',LYS,229.0,4.2967763,VdW,Protein-DNA,DT,24.0
HZ1,,,H3',LYS,229.0,3.2393222,VdW,Protein-DNA,DT,24.0
HZ1,,,OP2,LYS,229.0,4.2640214,VdW,Protein-DNA,DC,25.0
HZ2,,,C2',LYS,229.0,4.385383,VdW,Protein-DNA,DT,23.0
HZ2,,,H2'',LYS,229.0,3.6851127,VdW,Protein-DNA,DT,23.0
HZ2,,,C3',LYS,229.0,4.291068,VdW,Protein-DNA,DT,23.0
HZ2,,,H3',LYS,229.0,4.068751,VdW,Protein-DNA,DT,23.0
HZ2,,,O3',LYS,229.0,3.8196785,VdW,Protein-DNA,DT,23.0
HZ2,,,P,LYS,229.0,2.7086112,VdW,Protein-DNA,DT,24.0
HZ2,,,OP1,LYS,229.0,3.8371146,VdW,Protein-DNA,DT,24.0
HZ2,,,OP2,LYS,229.0,2.0551348,HBond,Protein-DNA,DT,24.0
HZ2,,,O5',LYS,229.0,2.3594468,HBond,Protein-DNA,DT,24.0
HZ2,,,C5',LYS,229.0,3.6715686,VdW,Protein-DNA,DT,24.0
HZ2,,,H5',LYS,229.0,4.2979803,VdW,Protein-DNA,DT,24.0
HZ2,,,H5'',LYS,229.0,4.2753286,VdW,Protein-DNA,DT,24.0
HZ2,,,C4',LYS,229.0,4.0374312,VdW,Protein-DNA,DT,24.0
HZ2,,,O4',LYS,229.0,4.2473936,VdW,Protein-DNA,DT,24.0
HZ2,,,H6,LYS,229.0,3.6729827,VdW,Protein-DNA,DT,24.0
HZ2,,,C2',LYS,229.0,4.041086,VdW,Protein-DNA,DT,24.0
HZ2,,,H2',LYS,229.0,3.4153748,VdW,Protein-DNA,DT,24.0
HZ2,,,C3',LYS,229.0,3.6663976,VdW,Protein-DNA,DT,24.0
HZ2,,,H3',LYS,229.0,2.8014336,VdW,Protein-DNA,DT,24.0
HZ3,,,H3',LYS,229.0,4.4057083,VdW,Protein-DNA,DT,23.0
HZ3,,,P,LYS,229.0,3.496503,VdW,Protein-DNA,DT,24.0
HZ3,,,OP1,LYS,229.0,4.305999,VdW,Protein-DNA,DT,24.0
HZ3,,,OP2,LYS,229.0,2.325232,HBond,Protein-DNA,DT,24.0
HZ3,,,O5',LYS,229.0,3.7148385,VdW,Protein-DNA,DT,24.0
HZ3,,,H3',LYS,229.0,4.3277884,VdW,Protein-DNA,DT,24.0
C,,,H73,LYS,229.0,4.151634,VdW,Protein-DNA,DT,24.0
O,,,H72,LYS,229.0,4.3123927,VdW,Protein-DNA,DT,23.0
O,,,C7,LYS,229.0,4.2832055,VdW,Protein-DNA,DT,24.0
O,,,H71,LYS,229.0,4.346642,VdW,Protein-DNA,DT,24.0
O,,,H72,LYS,229.0,3.9294093,VdW,Protein-DNA,DT,24.0
O,,,H73,LYS,229.0,3.908641,VdW,Protein-DNA,DT,24.0
CB,,,H72,ARG,232.0,4.442177,VdW,Protein-DNA,DT,23.0
CB,,,C7,ARG,232.0,4.3163233,VdW,Protein-DNA,DT,24.0
CB,,,H72,ARG,232.0,3.3558364,VdW,Protein-DNA,DT,24.0
CB,,,H73,ARG,232.0,4.4101324,VdW,Protein-DNA,DT,24.0
CB,,,H41,ARG,232.0,4.4351892,VdW,Protein-DNA,DC,25.0
CG,,,C7,ARG,232.0,4.3047705,VdW,Protein-DNA,DT,23.0
CG,,,H71,ARG,232.0,3.9417949,VdW,Protein-DNA,DT,23.0
CG,,,H72,ARG,232.0,3.7626925,VdW,Protein-DNA,DT,23.0
CG,,,C4,ARG,232.0,4.4800763,VdW,Protein-DNA,DT,24.0
CG,,,O4,ARG,232.0,3.5994165,VdW,Protein-DNA,DT,24.0
CG,,,C7,ARG,232.0,3.8101468,VdW,Protein-DNA,DT,24.0
CG,,,H71,ARG,232.0,4.217299,VdW,Protein-DNA,DT,24.0
CG,,,H72,ARG,232.0,2.7309277,VdW,Protein-DNA,DT,24.0
CG,,,H73,ARG,232.0,4.2687373,VdW,Protein-DNA,DT,24.0
CG,,,H41,ARG,232.0,3.9822278,VdW,Protein-DNA,DC,25.0
CG,,,H42,ARG,232.0,4.4782248,VdW,Protein-DNA,DC,25.0
CD,,,C6,ARG,232.0,4.274835,VdW,Protein-DNA,DG,8.0
CD,,,O6,ARG,232.0,4.0092998,VdW,Protein-DNA,DG,8.0
CD,,,C5,ARG,232.0,4.059739,VdW,Protein-DNA,DG,8.0
CD,,,N7,ARG,232.0,3.5138085,VdW,Protein-DNA,DG,8.0
CD,,,C8,ARG,232.0,4.3067203,VdW,Protein-DNA,DG,8.0
CD,,,O6,ARG,232.0,3.6617465,VdW,Protein-DNA,DG,9.0
CD,,,H62,ARG,232.0,4.486825,VdW,Protein-DNA,DA,10.0
CD,,,O4,ARG,232.0,3.7097335,VdW,Protein-DNA,DT,24.0
CD,,,H72,ARG,232.0,3.7430189,VdW,Protein-DNA,DT,24.0
CD,,,N4,ARG,232.0,4.013748,VdW,Protein-DNA,DC,25.0
CD,,,H41,ARG,232.0,3.6546767,VdW,Protein-DNA,DC,25.0
CD,,,H42,ARG,232.0,3.6296802,VdW,Protein-DNA,DC,25.0
NE,,,C5,ARG,232.0,4.1912704,VdW,Protein-DNA,DG,8.0
NE,,,N7,ARG,232.0,3.3060753,HBond,Protein-DNA,DG,8.0
NE,,,C8,ARG,232.0,3.6923938,VdW,Protein-DNA,DG,8.0
NE,,,H8,ARG,232.0,3.6901786,VdW,Protein-DNA,DG,8.0
NE,,,O6,ARG,232.0,4.164402,VdW,Protein-DNA,DG,9.0
HE,,,N7,ARG,232.0,3.5803971,VdW,Protein-DNA,DG,8.0
HE,,,C8,ARG,232.0,3.9154263,VdW,Protein-DNA,DG,8.0
HE,,,H8,ARG,232.0,3.6903372,VdW,Protein-DNA,DG,8.0
CZ,,,N9,ARG,232.0,4.207827,VdW,Protein-DNA,DG,8.0
CZ,,,C5,ARG,232.0,4.256972,VdW,Protein-DNA,DG,8.0
CZ,,,N7,ARG,232.0,3.5106277,VdW,Protein-DNA,DG,8.0
CZ,,,C8,ARG,232.0,3.4843683,VdW,Protein-DNA,DG,8.0
CZ,,,H8,ARG,232.0,3.4473813,VdW,Protein-DNA,DG,8.0
CZ,,,C2',ARG,232.0,4.4646797,VdW,Protein-DNA,DG,8.0
CZ,,,H2',ARG,232.0,3.8250258,VdW,Protein-DNA,DG,8.0
CZ,,,H2'',ARG,232.0,4.2348905,VdW,Protein-DNA,DG,8.0
CZ,,,O6,ARG,232.0,3.819172,VdW,Protein-DNA,DG,9.0
CZ,,,N7,ARG,232.0,3.9457903,VdW,Protein-DNA,DG,9.0
NH1,,,N9,ARG,232.0,4.1902823,VdW,Protein-DNA,DG,8.0
NH1,,,C4,ARG,232.0,4.4003015,VdW,Protein-DNA,DG,8.0
NH1,,,C5,ARG,232.0,4.1741767,VdW,Protein-DNA,DG,8.0
NH1,,,N7,ARG,232.0,3.855678,VdW,Protein-DNA,DG,8.0
NH1,,,C8,ARG,232.0,3.8593268,VdW,Protein-DNA,DG,8.0
NH1,,,H8,ARG,232.0,4.1091213,VdW,Protein-DNA,DG,8.0
NH1,,,C2',ARG,232.0,4.4540915,VdW,Protein-DNA,DG,8.0
NH1,,,H2',ARG,232.0,4.11243,VdW,Protein-DNA,DG,8.0
NH1,,,H2'',ARG,232.0,3.954118,VdW,Protein-DNA,DG,8.0
NH1,,,C6,ARG,232.0,3.4142518,HBond,Protein-DNA,DG,9.0
NH1,,,O6,ARG,232.0,2.748922,HBond,Protein-DNA,DG,9.0
NH1,,,C5,ARG,232.0,3.4712636,HBond,Protein-DNA,DG,9.0
NH1,,,N7,ARG,232.0,2.897101,HBond,Protein-DNA,DG,9.0
NH1,,,C8,ARG,232.0,4.1052704,VdW,Protein-DNA,DG,9.0
NH1,,,N6,ARG,232.0,3.6641152,VdW,Protein-DNA,DA,10.0
NH1,,,H61,ARG,232.0,3.3861847,HBond,Protein-DNA,DA,10.0
NH1,,,H62,ARG,232.0,3.6069455,VdW,Protein-DNA,DA,10.0
NH1,,,O4,ARG,232.0,4.2811704,VdW,Protein-DNA,DT,24.0
NH1,,,H42,ARG,232.0,4.1668057,VdW,Protein-DNA,DC,25.0
HH11,,,N9,ARG,232.0,4.2638493,VdW,Protein-DNA,DG,8.0
HH11,,,N7,ARG,232.0,4.455389,VdW,Protein-DNA,DG,8.0
HH11,,,C8,ARG,232.0,4.198862,VdW,Protein-DNA,DG,8.0
HH11,,,H8,ARG,232.0,4.4099092,VdW,Protein-DNA,DG,8.0
HH11,,,C2',ARG,232.0,4.029789,VdW,Protein-DNA,DG,8.0
HH11,,,H2',ARG,232.0,3.839739,VdW,Protein-DNA,DG,8.0
HH11,,,H2'',ARG,232.0,3.3289022,VdW,Protein-DNA,DG,8.0
HH11,,,N9,ARG,232.0,4.3364935,VdW,Protein-DNA,DG,9.0
HH11,,,C4,ARG,232.0,4.2446713,VdW,Protein-DNA,DG,9.0
HH11,,,C6,ARG,232.0,3.3466063,VdW,Protein-DNA,DG,9.0
HH11,,,O6,ARG,232.0,3.04222,HBond,Protein-DNA,DG,9.0
HH11,,,C5,ARG,232.0,2.9961863,VdW,Protein-DNA,DG,9.0
HH11,,,N7,ARG,232.0,2.110085,HBond,Protein-DNA,DG,9.0
HH11,,,C8,ARG,232.0,3.2139475,VdW,Protein-DNA,DG,9.0
HH11,,,H8,ARG,232.0,3.5349662,VdW,Protein-DNA,DG,9.0
HH11,,,C6,ARG,232.0,4.3537893,VdW,Protein-DNA,DA,10.0
HH11,,,N6,ARG,232.0,3.5415478,VdW,Protein-DNA,DA,10.0
HH11,,,H61,ARG,232.0,3.0800676,VdW,Protein-DNA,DA,10.0
HH11,,,H62,ARG,232.0,3.7728996,VdW,Protein-DNA,DA,10.0
HH12,,,C4,ARG,232.0,4.4008126,VdW,Protein-DNA,DG,8.0
HH12,,,C6,ARG,232.0,4.4113145,VdW,Protein-DNA,DG,8.0
HH12,,,C5,ARG,232.0,4.011366,VdW,Protein-DNA,DG,8.0
HH12,,,N7,ARG,232.0,3.9308448,VdW,Protein-DNA,DG,8.0
HH12,,,C8,ARG,232.0,4.230395,VdW,Protein-DNA,DG,8.0
HH12,,,N1,ARG,232.0,4.1632633,VdW,Protein-DNA,DG,9.0
HH12,,,H1,ARG,232.0,4.415823,VdW,Protein-DNA,DG,9.0
HH12,,,C6,ARG,232.0,2.8834326,VdW,Protein-DNA,DG,9.0
HH12,,,O6,ARG,232.0,1.9562287,HBond,Protein-DNA,DG,9.0
HH12,,,C5,ARG,232.0,3.3476639,VdW,Protein-DNA,DG,9.0
HH12,,,N7,ARG,232.0,3.191969,HBond,Protein-DNA,DG,9.0
HH12,,,C8,ARG,232.0,4.4873896,VdW,Protein-DNA,DG,9.0
HH12,,,C6,ARG,232.0,4.0399218,VdW,Protein-DNA,DA,10.0
HH12,,,N6,ARG,232.0,3.1225145,HBond,Protein-DNA,DA,10.0
HH12,,,H61,ARG,232.0,3.127748,VdW,Protein-DNA,DA,10.0
HH12,,,H62,ARG,232.0,2.8724754,VdW,Protein-DNA,DA,10.0
HH12,,,O4,ARG,232.0,4.355163,VdW,Protein-DNA,DT,23.0
HH12,,,O4,ARG,232.0,3.3607028,HBond,Protein-DNA,DT,24.0
HH12,,,N4,ARG,232.0,3.997987,VdW,Protein-DNA,DC,25.0
HH12,,,H41,ARG,232.0,4.242416,VdW,Protein-DNA,DC,25.0
HH12,,,H42,ARG,232.0,3.2121816,VdW,Protein-DNA,DC,25.0
NH2,,,N9,ARG,232.0,4.3447337,VdW,Protein-DNA,DG,8.0
NH2,,,N7,ARG,232.0,4.049473,VdW,Protein-DNA,DG,8.0
NH2,,,C8,ARG,232.0,3.6215565,VdW,Protein-DNA,DG,8.0
NH2,,,H8,ARG,232.0,3.2221138,HBond,Protein-DNA,DG,8.0
NH2,,,C2',ARG,232.0,3.9577186,VdW,Protein-DNA,DG,8.0
NH2,,,H2',ARG,232.0,3.1332018,HBond,Protein-DNA,DG,8.0
NH2,,,H2'',ARG,232.0,3.8316634,VdW,Protein-DNA,DG,8.0
NH2,,,N7,ARG,232.0,4.2481546,VdW,Protein-DNA,DG,9.0
HH21,,,N9,ARG,232.0,4.4083643,VdW,Protein-DNA,DG,8.0
HH21,,,C8,ARG,232.0,3.9732413,VdW,Protein-DNA,DG,8.0
HH21,,,H8,ARG,232.0,3.588628,VdW,Protein-DNA,DG,8.0
HH21,,,C2',ARG,232.0,3.4659004,VdW,Protein-DNA,DG,8.0
HH21,,,H2',ARG,232.0,2.7564054,VdW,Protein-DNA,DG,8.0
HH21,,,H2'',ARG,232.0,3.1767511,VdW,Protein-DNA,DG,8.0
HH21,,,N7,ARG,232.0,3.754574,VdW,Protein-DNA,DG,9.0
HH21,,,C8,ARG,232.0,4.404575,VdW,Protein-DNA,DG,9.0
HH21,,,H8,ARG,232.0,4.2063103,VdW,Protein-DNA,DG,9.0
HH22,,,N7,ARG,232.0,4.270291,VdW,Protein-DNA,DG,8.0
HH22,,,C8,ARG,232.0,3.8410954,VdW,Protein-DNA,DG,8.0
HH22,,,H8,ARG,232.0,3.2008767,VdW,Protein-DNA,DG,8.0
HH22,,,C2',ARG,232.0,4.4136715,VdW,Protein-DNA,DG,8.0
HH22,,,H2',ARG,232.0,3.432433,VdW,Protein-DNA,DG,8.0
HH22,,,H2'',ARG,232.0,4.499346,VdW,Protein-DNA,DG,8.0
C,,,H72,ARG,232.0,4.246938,VdW,Protein-DNA,DT,23.0
N,,,C7,ALA,233.0,4.38353,VdW,Protein-DNA,DT,23.0
N,,,H71,ALA,233.0,4.291211,VdW,Protein-DNA,DT,23.0
N,,,H72,ALA,233.0,3.5720203,VdW,Protein-DNA,DT,23.0
HN,,,H72,ALA,233.0,3.6149232,VdW,Protein-DNA,DT,23.0
CA,,,H5'',ALA,233.0,3.8341866,VdW,Protein-DNA,DC,22.0
CA,,,C7,ALA,233.0,4.05991,VdW,Protein-DNA,DT,23.0
CA,,,H71,ALA,233.0,3.978131,VdW,Protein-DNA,DT,23.0
CA,,,H72,ALA,233.0,3.4588642,VdW,Protein-DNA,DT,23.0
CA,,,H73,ALA,233.0,4.1211505,VdW,Protein-DNA,DT,23.0
CB,,,O5',ALA,233.0,4.3263044,VdW,Protein-DNA,DC,22.0
CB,,,C5',ALA,233.0,3.65566,VdW,Protein-DNA,DC,22.0
CB,,,H5',ALA,233.0,4.1688595,VdW,Protein-DNA,DC,22.0
CB,,,H5'',ALA,233.0,2.567038,VdW,Protein-DNA,DC,22.0
CB,,,C4',ALA,233.0,4.382313,VdW,Protein-DNA,DC,22.0
CB,,,H2',ALA,233.0,4.031037,VdW,Protein-DNA,DC,22.0
CB,,,C3',ALA,233.0,4.232888,VdW,Protein-DNA,DC,22.0
CB,,,H3',ALA,233.0,3.4122608,VdW,Protein-DNA,DC,22.0
CB,,,C7,ALA,233.0,3.735878,VdW,Protein-DNA,DT,23.0
CB,,,H71,ALA,233.0,4.0476274,VdW,Protein-DNA,DT,23.0
CB,,,H72,ALA,233.0,3.082451,VdW,Protein-DNA,DT,23.0
CB,,,H73,ALA,233.0,3.5481524,VdW,Protein-DNA,DT,23.0
C,,,H5'',ALA,233.0,4.2867436,VdW,Protein-DNA,DC,22.0
O,,,H5'',ALA,233.0,4.377724,VdW,Protein-DNA,DC,22.0
CG,,,P,ARG,235.0,4.4902864,VdW,Protein-DNA,DG,7.0
CG,,,OP2,ARG,235.0,3.474516,HBond,Protein-DNA,DG,7.0
CG,,,O5',ARG,235.0,4.409258,VdW,Protein-DNA,DG,7.0
CD,,,H2'',ARG,235.0,3.9341116,VdW,Protein-DNA,DG,6.0
CD,,,P,ARG,235.0,3.7861392,VdW,Protein-DNA,DG,7.0
CD,,,OP2,ARG,235.0,3.1351154,HBond,Protein-DNA,DG,7.0
CD,,,O5',ARG,235.0,3.2487557,HBond,Protein-DNA,DG,7.0
CD,,,C5',ARG,235.0,4.4522786,VdW,Protein-DNA,DG,7.0
CD,,,H8,ARG,235.0,3.9542859,VdW,Protein-DNA,DG,7.0
CD,,,C2',ARG,235.0,4.134692,VdW,Protein-DNA,DG,7.0
CD,,,H2',ARG,235.0,3.3329148,VdW,Protein-DNA,DG,7.0
CD,,,C3',ARG,235.0,4.030135,VdW,Protein-DNA,DG,7.0
CD,,,H3',ARG,235.0,3.1970332,VdW,Protein-DNA,DG,7.0
CD,,,OP2,ARG,235.0,4.4014034,VdW,Protein-DNA,DG,8.0
NE,,,H2'',ARG,235.0,4.202019,VdW,Protein-DNA,DG,6.0
NE,,,OP2,ARG,235.0,4.274259,VdW,Protein-DNA,DG,7.0
NE,,,O5',ARG,235.0,4.051829,VdW,Protein-DNA,DG,7.0
NE,,,O4',ARG,235.0,4.4608474,VdW,Protein-DNA,DG,7.0
NE,,,C1',ARG,235.0,4.395633,VdW,Protein-DNA,DG,7.0
NE,,,N9,ARG,235.0,4.3143883,VdW,Protein-DNA,DG,7.0
NE,,,C8,ARG,235.0,3.8090065,VdW,Protein-DNA,DG,7.0
NE,,,H8,ARG,235.0,3.2858493,HBond,Protein-DNA,DG,7.0
NE,,,C2',ARG,235.0,3.671934,VdW,Protein-DNA,DG,7.0
NE,,,H2',ARG,235.0,2.656443,HBond,Protein-DNA,DG,7.0
NE,,,H2'',ARG,235.0,4.365395,VdW,Protein-DNA,DG,7.0
NE,,,C3',ARG,235.0,4.1203337,VdW,Protein-DNA,DG,7.0
NE,,,H3',ARG,235.0,3.5693467,VdW,Protein-DNA,DG,7.0
NE,,,N7,ARG,235.0,4.2803435,VdW,Protein-DNA,DG,8.0
NE,,,C8,ARG,235.0,4.3913536,VdW,Protein-DNA,DG,8.0
NE,,,H8,ARG,235.0,3.786529,VdW,Protein-DNA,DG,8.0
HE,,,C1',ARG,235.0,4.325888,VdW,Protein-DNA,DG,7.0
HE,,,N9,ARG,235.0,4.3095737,VdW,Protein-DNA,DG,7.0
HE,,,C8,ARG,235.0,4.053673,VdW,Protein-DNA,DG,7.0
HE,,,H8,ARG,235.0,3.7612524,VdW,Protein-DNA,DG,7.0
HE,,,C2',ARG,235.0,3.3660824,VdW,Protein-DNA,DG,7.0
HE,,,H2',ARG,235.0,2.3026114,VdW,Protein-DNA,DG,7.0
HE,,,H2'',ARG,235.0,3.847545,VdW,Protein-DNA,DG,7.0
HE,,,C3',ARG,235.0,3.9689937,VdW,Protein-DNA,DG,7.0
HE,,,H3',ARG,235.0,3.4798253,VdW,Protein-DNA,DG,7.0
HE,,,OP2,ARG,235.0,4.396208,VdW,Protein-DNA,DG,8.0
HE,,,N7,ARG,235.0,3.6042285,VdW,Protein-DNA,DG,8.0
HE,,,C8,ARG,235.0,3.5549376,VdW,Protein-DNA,DG,8.0
HE,,,H8,ARG,235.0,2.8689914,VdW,Protein-DNA,DG,8.0
CZ,,,H2',ARG,235.0,4.155957,VdW,Protein-DNA,DG,6.0
CZ,,,H2'',ARG,235.0,3.9876597,VdW,Protein-DNA,DG,6.0
CZ,,,N9,ARG,235.0,4.033939,VdW,Protein-DNA,DG,7.0
CZ,,,N7,ARG,235.0,3.6273108,VdW,Protein-DNA,DG,7.0
CZ,,,C8,ARG,235.0,3.1646752,VdW,Protein-DNA,DG,7.0
CZ,,,H8,ARG,235.0,2.6430726,VdW,Protein-DNA,DG,7.0
CZ,,,C2',ARG,235.0,4.2074857,VdW,Protein-DNA,DG,7.0
CZ,,,H2',ARG,235.0,3.2320025,VdW,Protein-DNA,DG,7.0
CZ,,,N7,ARG,235.0,4.23011,VdW,Protein-DNA,DG,8.0
CZ,,,H8,ARG,235.0,4.3847184,VdW,Protein-DNA,DG,8.0
NH1,,,C2',ARG,235.0,3.759828,VdW,Protein-DNA,DG,6.0
NH1,,,H2',ARG,235.0,3.0980325,HBond,Protein-DNA,DG,6.0
NH1,,,H2'',ARG,235.0,3.385628,HBond,Protein-DNA,DG,6.0
NH1,,,OP2,ARG,235.0,3.915138,VdW,Protein-DNA,DG,7.0
NH1,,,O5',ARG,235.0,4.425043,VdW,Protein-DNA,DG,7.0
NH1,,,N7,ARG,235.0,3.87773,VdW,Protein-DNA,DG,7.0
NH1,,,C8,ARG,235.0,3.4480004,HBond,Protein-DNA,DG,7.0
NH1,,,H8,ARG,235.0,2.641976,HBond,Protein-DNA,DG,7.0
NH1,,,H2',ARG,235.0,4.176324,VdW,Protein-DNA,DG,7.0
HH11,,,C8,ARG,235.0,4.314895,VdW,Protein-DNA,DG,6.0
HH11,,,H8,ARG,235.0,4.2660995,VdW,Protein-DNA,DG,6.0
HH11,,,C2',ARG,235.0,3.8608043,VdW,Protein-DNA,DG,6.0
HH11,,,H2',ARG,235.0,3.0044825,VdW,Protein-DNA,DG,6.0
HH11,,,H2'',ARG,235.0,3.7290902,VdW,Protein-DNA,DG,6.0
HH11,,,N7,ARG,235.0,3.6239567,VdW,Protein-DNA,DG,7.0
HH11,,,C8,ARG,235.0,3.5036976,VdW,Protein-DNA,DG,7.0
HH11,,,H8,ARG,235.0,2.8064008,VdW,Protein-DNA,DG,7.0
HH12,,,C2',ARG,235.0,3.3467793,VdW,Protein-DNA,DG,6.0
HH12,,,H2',ARG,235.0,2.7647722,VdW,Protein-DNA,DG,6.0
HH12,,,H2'',ARG,235.0,3.0054727,VdW,Protein-DNA,DG,6.0
HH12,,,C3',ARG,235.0,4.0916176,VdW,Protein-DNA,DG,6.0
HH12,,,H3',ARG,235.0,3.8418767,VdW,Protein-DNA,DG,6.0
HH12,,,P,ARG,235.0,3.9571965,VdW,Protein-DNA,DG,7.0
HH12,,,OP2,ARG,235.0,2.927329,HBond,Protein-DNA,DG,7.0
HH12,,,O5',ARG,235.0,3.846308,VdW,Protein-DNA,DG,7.0
HH12,,,C8,ARG,235.0,4.068455,VdW,Protein-DNA,DG,7.0
HH12,,,H8,ARG,235.0,3.104821,VdW,Protein-DNA,DG,7.0
HH12,,,H2',ARG,235.0,4.4671144,VdW,Protein-DNA,DG,7.0
NH2,,,N9,ARG,235.0,3.819326,VdW,Protein-DNA,DG,7.0
NH2,,,C4,ARG,235.0,4.3252707,VdW,Protein-DNA,DG,7.0
NH2,,,C5,ARG,235.0,3.8777711,VdW,Protein-DNA,DG,7.0
NH2,,,N7,ARG,235.0,3.0050607,HBond,Protein-DNA,DG,7.0
NH2,,,C8,ARG,235.0,2.9708924,HBond,Protein-DNA,DG,7.0
NH2,,,H8,ARG,235.0,2.8939984,HBond,Protein-DNA,DG,7.0
NH2,,,C2',ARG,235.0,4.429071,VdW,Protein-DNA,DG,7.0
NH2,,,H2',ARG,235.0,3.4698136,HBond,Protein-DNA,DG,7.0
NH2,,,O6,ARG,235.0,4.448525,VdW,Protein-DNA,DG,8.0
NH2,,,C5,ARG,235.0,4.340512,VdW,Protein-DNA,DG,8.0
NH2,,,N7,ARG,235.0,3.2952318,HBond,Protein-DNA,DG,8.0
NH2,,,C8,ARG,235.0,4.074183,VdW,Protein-DNA,DG,8.0
NH2,,,H8,ARG,235.0,4.047884,VdW,Protein-DNA,DG,8.0
HH21,,,N9,ARG,235.0,3.8396788,VdW,Protein-DNA,DG,7.0
HH21,,,C4,ARG,235.0,4.1730857,VdW,Protein-DNA,DG,7.0
HH21,,,C5,ARG,235.0,3.8779764,VdW,Protein-DNA,DG,7.0
HH21,,,N7,ARG,235.0,3.3552818,HBond,Protein-DNA,DG,7.0
HH21,,,C8,ARG,235.0,3.3271344,VdW,Protein-DNA,DG,7.0
HH21,,,H8,ARG,235.0,3.4832718,VdW,Protein-DNA,DG,7.0
HH21,,,C2',ARG,235.0,4.1826644,VdW,Protein-DNA,DG,7.0
HH21,,,H2',ARG,235.0,3.2133343,VdW,Protein-DNA,DG,7.0
HH21,,,N9,ARG,235.0,4.359853,VdW,Protein-DNA,DG,8.0
HH21,,,C6,ARG,235.0,4.0514135,VdW,Protein-DNA,DG,8.0
HH21,,,O6,ARG,235.0,3.9031155,VdW,Protein-DNA,DG,8.0
HH21,,,C5,ARG,235.0,3.4465017,VdW,Protein-DNA,DG,8.0
HH21,,,N7,ARG,235.0,2.3037486,HBond,Protein-DNA,DG,8.0
HH21,,,C8,ARG,235.0,3.1053112,VdW,Protein-DNA,DG,8.0
HH21,,,H8,ARG,235.0,3.1617525,VdW,Protein-DNA,DG,8.0
HH22,,,N9,ARG,235.0,4.0729094,VdW,Protein-DNA,DG,7.0
HH22,,,C4,ARG,235.0,4.3949766,VdW,Protein-DNA,DG,7.0
HH22,,,C6,ARG,235.0,4.4113364,VdW,Protein-DNA,DG,7.0
HH22,,,C5,ARG,235.0,3.6335192,VdW,Protein-DNA,DG,7.0
HH22,,,N7,ARG,235.0,2.655514,HBond,Protein-DNA,DG,7.0
HH22,,,C8,ARG,235.0,3.0255003,VdW,Protein-DNA,DG,7.0
HH22,,,H8,ARG,235.0,3.039986,VdW,Protein-DNA,DG,7.0
HH22,,,H2',ARG,235.0,4.307373,VdW,Protein-DNA,DG,7.0
HH22,,,O6,ARG,235.0,4.156087,VdW,Protein-DNA,DG,8.0
HH22,,,N7,ARG,235.0,3.7962985,VdW,Protein-DNA,DG,8.0
CG,,,H5,ASN,236.0,4.1729264,VdW,Protein-DNA,DC,22.0
CG,,,H71,ASN,236.0,4.3959513,VdW,Protein-DNA,DT,23.0
OD1,,,C6,ASN,236.0,4.458876,VdW,Protein-DNA,DC,22.0
OD1,,,H6,ASN,236.0,4.0200677,VdW,Protein-DNA,DC,22.0
OD1,,,C5,ASN,236.0,4.1466317,VdW,Protein-DNA,DC,22.0
OD1,,,H5,ASN,236.0,3.3806455,HBond,Protein-DNA,DC,22.0
OD1,,,O4,ASN,236.0,4.4897866,VdW,Protein-DNA,DT,23.0
OD1,,,C7,ASN,236.0,4.1288824,VdW,Protein-DNA,DT,23.0
OD1,,,H71,ASN,236.0,3.195947,HBond,Protein-DNA,DT,23.0
OD1,,,H73,ASN,236.0,4.1953716,VdW,Protein-DNA,DT,23.0
CD1,,,OP2,TYR,237.0,4.1536007,VdW,Protein-DNA,DC,22.0
CE1,,,P,TYR,237.0,4.1639457,VdW,Protein-DNA,DC,22.0
CE1,,,OP1,TYR,237.0,4.4018655,VdW,Protein-DNA,DC,22.0
CE1,,,OP2,TYR,237.0,3.1927948,HBond,Protein-DNA,DC,22.0
CE2,,,OP2,TYR,237.0,4.4203105,VdW,Protein-DNA,DC,22.0
CZ,,,P,TYR,237.0,3.856492,VdW,Protein-DNA,DC,22.0
CZ,,,OP1,TYR,237.0,3.719642,VdW,Protein-DNA,DC,22.0
CZ,,,OP2,TYR,237.0,3.3685002,HBond,Protein-DNA,DC,22.0
CZ,,,O5',TYR,237.0,4.168948,VdW,Protein-DNA,DC,22.0
OH,,,P,TYR,237.0,3.3152986,HBond,Protein-DNA,DC,22.0
OH,,,OP1,TYR,237.0,2.7333198,HBond,Protein-DNA,DC,22.0
OH,,,OP2,TYR,237.0,3.1765752,HBond,Protein-DNA,DC,22.0
OH,,,O5',TYR,237.0,3.965427,VdW,Protein-DNA,DC,22.0
OH,,,H5',TYR,237.0,4.0762515,VdW,Protein-DNA,DC,22.0
HH,,,H3',TYR,237.0,4.4007053,VdW,Protein-DNA,DA,21.0
HH,,,O3',TYR,237.0,3.822237,VdW,Protein-DNA,DA,21.0
HH,,,P,TYR,237.0,2.3646922,VdW,Protein-DNA,DC,22.0
HH,,,OP1,TYR,237.0,1.8950759,HBond,Protein-DNA,DC,22.0
HH,,,OP2,TYR,237.0,2.3464231,HBond,Protein-DNA,DC,22.0
HH,,,O5',TYR,237.0,3.192778,HBond,Protein-DNA,DC,22.0
HH,,,C5',TYR,237.0,3.921612,VdW,Protein-DNA,DC,22.0
HH,,,H5',TYR,237.0,3.5112221,VdW,Protein-DNA,DC,22.0
CB,,,OP1,LYS,245.0,4.400381,VdW,Protein-DNA,DG,7.0
CG,,,P,LYS,245.0,4.477354,VdW,Protein-DNA,DG,7.0
CG,,,OP1,LYS,245.0,4.001024,VdW,Protein-DNA,DG,7.0
CG,,,OP2,LYS,245.0,4.1457787,VdW,Protein-DNA,DG,7.0
CD,,,H3',LYS,245.0,4.057346,VdW,Protein-DNA,DG,6.0
CD,,,OP2,LYS,245.0,3.9765766,VdW,Protein-DNA,DG,7.0
CE,,,P,LYS,245.0,3.8783803,VdW,Protein-DNA,DG,6.0
CE,,,OP1,LYS,245.0,3.3555906,HBond,Protein-DNA,DG,6.0
CE,,,OP2,LYS,245.0,4.3378797,VdW,Protein-DNA,DG,6.0
CE,,,O5',LYS,245.0,3.479311,HBond,Protein-DNA,DG,6.0
CE,,,C5',LYS,245.0,4.006994,VdW,Protein-DNA,DG,6.0
CE,,,H5'',LYS,245.0,3.5416732,VdW,Protein-DNA,DG,6.0
CE,,,C3',LYS,245.0,4.122419,VdW,Protein-DNA,DG,6.0
CE,,,H3',LYS,245.0,3.2433074,VdW,Protein-DNA,DG,6.0
CE,,,O3',LYS,245.0,4.333936,VdW,Protein-DNA,DG,6.0
CE,,,OP2,LYS,245.0,4.0991726,VdW,Protein-DNA,DG,7.0
NZ,,,P,LYS,245.0,3.7669017,VdW,Protein-DNA,DG,6.0
NZ,,,OP1,LYS,245.0,2.7372093,HBond,Protein-DNA,DG,6.0
NZ,,,OP2,LYS,245.0,4.343015,VdW,Protein-DNA,DG,6.0
NZ,,,O5',LYS,245.0,3.9156687,VdW,Protein-DNA,DG,6.0
NZ,,,C5',LYS,245.0,4.414953,VdW,Protein-DNA,DG,6.0
NZ,,,H5'',LYS,245.0,3.792323,VdW,Protein-DNA,DG,6.0
NZ,,,H3',LYS,245.0,4.4335494,VdW,Protein-DNA,DG,6.0
HZ1,,,O3',LYS,245.0,4.194969,VdW,Protein-DNA,DA,5.0
HZ1,,,P,LYS,245.0,2.94657,VdW,Protein-DNA,DG,6.0
HZ1,,,OP1,LYS,245.0,1.7488142,HBond,Protein-DNA,DG,6.0
HZ1,,,OP2,LYS,245.0,3.7375426,VdW,Protein-DNA,DG,6.0
HZ1,,,O5',LYS,245.0,3.3105316,HBond,Protein-DNA,DG,6.0
HZ1,,,C5',LYS,245.0,3.7786417,VdW,Protein-DNA,DG,6.0
HZ1,,,H5',LYS,245.0,4.3862906,VdW,Protein-DNA,DG,6.0
HZ1,,,H5'',LYS,245.0,3.1875815,VdW,Protein-DNA,DG,6.0
HZ1,,,H3',LYS,245.0,4.3571463,VdW,Protein-DNA,DG,6.0
HZ2,,,P,LYS,245.0,4.104536,VdW,Protein-DNA,DG,6.0
HZ2,,,OP1,LYS,245.0,3.118689,HBond,Protein-DNA,DG,6.0
HZ2,,,OP2,LYS,245.0,4.3709207,VdW,Protein-DNA,DG,6.0
HZ3,,,OP1,LYS,245.0,3.4270895,HBond,Protein-DNA,DG,6.0
HZ3,,,H5'',LYS,245.0,4.1177945,VdW,Protein-DNA,DG,6.0
C,,,OP1,LYS,248.0,4.3822403,VdW,Protein-DNA,DG,6.0
O,,,OP1,LYS,248.0,3.6314645,VdW,Protein-DNA,DG,6.0
N,,,OP1,LYS,249.0,4.4587216,VdW,Protein-DNA,DG,6.0
CA,,,OP1,LYS,249.0,3.7004702,VdW,Protein-DNA,DG,6.0
CB,,,H5'',LYS,249.0,4.0820355,VdW,Protein-DNA,DT,32.0
CG,,,H5'',LYS,249.0,3.8125165,VdW,Protein-DNA,DA,5.0
CG,,,H4',LYS,249.0,3.8731244,VdW,Protein-DNA,DA,5.0
CG,,,O3',LYS,249.0,4.4865994,VdW,Protein-DNA,DA,5.0
CG,,,H5'',LYS,249.0,3.8911147,VdW,Protein-DNA,DT,32.0
CD,,,H5',LYS,249.0,4.4103317,VdW,Protein-DNA,DA,5.0
CD,,,H5'',LYS,249.0,4.208615,VdW,Protein-DNA,DA,5.0
CD,,,H4',LYS,249.0,4.3148985,VdW,Protein-DNA,DA,5.0
CD,,,C5',LYS,249.0,4.3199306,VdW,Protein-DNA,DT,32.0
CD,,,H5'',LYS,249.0,3.4374456,VdW,Protein-DNA,DT,32.0
CD,,,H4',LYS,249.0,3.7620325,VdW,Protein-DNA,DT,32.0
CE,,,C5',LYS,249.0,3.7044852,VdW,Protein-DNA,DA,5.0
CE,,,H5',LYS,249.0,3.1408367,VdW,Protein-DNA,DA,5.0
CE,,,H5'',LYS,249.0,3.3538313,VdW,Protein-DNA,DA,5.0
CE,,,C4',LYS,249.0,4.3185606,VdW,Protein-DNA,DA,5.0
CE,,,H4',LYS,249.0,3.718294,VdW,Protein-DNA,DA,5.0
CE,,,H5'',LYS,249.0,4.122167,VdW,Protein-DNA,DT,32.0
CE,,,H4',LYS,249.0,3.5475316,VdW,Protein-DNA,DT,32.0
NZ,,,H5',LYS,249.0,3.763956,VdW,Protein-DNA,DA,5.0
NZ,,,H5'',LYS,249.0,4.20093,VdW,Protein-DNA,DT,32.0
NZ,,,C4',LYS,249.0,3.9900794,VdW,Protein-DNA,DT,32.0
NZ,,,H4',LYS,249.0,2.9717624,HBond,Protein-DNA,DT,32.0
NZ,,,C3',LYS,249.0,4.3133154,VdW,Protein-DNA,DT,32.0
NZ,,,O3',LYS,249.0,3.43258,HBond,Protein-DNA,DT,32.0
NZ,,,H3T,LYS,249.0,4.103405,VdW,Protein-DNA,DT,32.0
HZ1,,,H5',LYS,249.0,4.014536,VdW,Protein-DNA,DA,5.0
HZ1,,,C5',LYS,249.0,3.795992,VdW,Protein-DNA,DT,32.0
HZ1,,,H5',LYS,249.0,4.146395,VdW,Protein-DNA,DT,32.0
HZ1,,,H5'',LYS,249.0,3.5361474,VdW,Protein-DNA,DT,32.0
HZ1,,,C4',LYS,249.0,2.997856,VdW,Protein-DNA,DT,32.0
HZ1,,,H4',LYS,249.0,1.9649026,VdW,Protein-DNA,DT,32.0
HZ1,,,O4',LYS,249.0,3.9728677,VdW,Protein-DNA,DT,32.0
HZ1,,,C1',LYS,249.0,4.395886,VdW,Protein-DNA,DT,32.0
HZ1,,,H1',LYS,249.0,3.9838579,VdW,Protein-DNA,DT,32.0
HZ1,,,H3',LYS,249.0,4.0743175,VdW,Protein-DNA,DT,32.0
HZ1,,,C3',LYS,249.0,3.4201708,VdW,Protein-DNA,DT,32.0
HZ1,,,O3',LYS,249.0,2.7238286,HBond,Protein-DNA,DT,32.0
HZ1,,,H3T,LYS,249.0,3.5409758,VdW,Protein-DNA,DT,32.0
HZ2,,,H4',LYS,249.0,4.143768,VdW,Protein-DNA,DA,4.0
HZ2,,,O3',LYS,249.0,4.4396477,VdW,Protein-DNA,DA,4.0
HZ2,,,C5',LYS,249.0,4.424871,VdW,Protein-DNA,DA,5.0
HZ2,,,H5',LYS,249.0,3.4671571,VdW,Protein-DNA,DA,5.0
HZ2,,,H5'',LYS,249.0,4.4571714,VdW,Protein-DNA,DA,5.0
HZ2,,,H4',LYS,249.0,3.6047013,VdW,Protein-DNA,DT,32.0
HZ2,,,O3',LYS,249.0,4.0145383,VdW,Protein-DNA,DT,32.0
HZ3,,,H5'',LYS,249.0,4.4010887,VdW,Protein-DNA,DT,32.0
HZ3,,,C4',LYS,249.0,4.311665,VdW,Protein-DNA,DT,32.0
HZ3,,,H4',LYS,249.0,3.4295657,VdW,Protein-DNA,DT,32.0
HZ3,,,C3',LYS,249.0,4.295479,VdW,Protein-DNA,DT,32.0
HZ3,,,O3',LYS,249.0,3.2086232,HBond,Protein-DNA,DT,32.0
HZ3,,,H3T,LYS,249.0,3.6671567,VdW,Protein-DNA,DT,32.0
C,,,OP1,LYS,249.0,3.7513115,VdW,Protein-DNA,DG,6.0
N,,,O3',LEU,250.0,4.304322,VdW,Protein-DNA,DA,5.0
N,,,P,LEU,250.0,3.7872503,VdW,Protein-DNA,DG,6.0
N,,,OP1,LEU,250.0,2.8497865,HBond,Protein-DNA,DG,6.0
N,,,OP2,LEU,250.0,3.999501,VdW,Protein-DNA,DG,6.0
HN,,,H3',LEU,250.0,4.384662,VdW,Protein-DNA,DA,5.0
HN,,,O3',LEU,250.0,3.4976647,HBond,Protein-DNA,DA,5.0
HN,,,P,LEU,250.0,2.8921967,VdW,Protein-DNA,DG,6.0
HN,,,OP1,LEU,250.0,1.869445,HBond,Protein-DNA,DG,6.0
HN,,,OP2,LEU,250.0,3.3379953,HBond,Protein-DNA,DG,6.0
HN,,,O5',LEU,250.0,4.255893,VdW,Protein-DNA,DG,6.0
CA,,,P,LEU,250.0,4.301376,VdW,Protein-DNA,DG,6.0
CA,,,OP1,LEU,250.0,3.6927536,VdW,Protein-DNA,DG,6.0
CA,,,OP2,LEU,250.0,3.9883573,VdW,Protein-DNA,DG,6.0
CG,,,H5'',LEU,250.0,3.5266259,VdW,Protein-DNA,DA,5.0
CG,,,H3',LEU,250.0,4.163892,VdW,Protein-DNA,DA,5.0
CG,,,OP2,LEU,250.0,4.3489003,VdW,Protein-DNA,DG,6.0
CD1,,,O5',LEU,250.0,4.326574,VdW,Protein-DNA,DA,5.0
CD1,,,C5',LEU,250.0,4.2518473,VdW,Protein-DNA,DA,5.0
CD1,,,H5'',LEU,250.0,3.4203947,VdW,Protein-DNA,DA,5.0
CD1,,,C3',LEU,250.0,4.053333,VdW,Protein-DNA,DA,5.0
CD1,,,H3',LEU,250.0,3.119753,VdW,Protein-DNA,DA,5.0
CD1,,,O3',LEU,250.0,4.233037,VdW,Protein-DNA,DA,5.0
CD1,,,P,LEU,250.0,4.0596657,VdW,Protein-DNA,DG,6.0
CD1,,,OP1,LEU,250.0,4.4674726,VdW,Protein-DNA,DG,6.0
CD1,,,OP2,LEU,250.0,3.1483462,HBond,Protein-DNA,DG,6.0
CD2,,,OP1,LEU,250.0,4.2228556,VdW,Protein-DNA,DA,5.0
CD2,,,O5',LEU,250.0,4.3080177,VdW,Protein-DNA,DA,5.0
CD2,,,C5',LEU,250.0,3.641009,VdW,Protein-DNA,DA,5.0
CD2,,,H5',LEU,250.0,4.108028,VdW,Protein-DNA,DA,5.0
CD2,,,H5'',LEU,250.0,2.553477,VdW,Protein-DNA,DA,5.0
CD2,,,C4',LEU,250.0,4.4265895,VdW,Protein-DNA,DA,5.0
CD2,,,H4',LEU,250.0,4.4024444,VdW,Protein-DNA,DA,5.0
CD2,,,H3',LEU,250.0,3.9964929,VdW,Protein-DNA,DA,5.0
HN,,,OP1,THR,251.0,3.9421713,VdW,Protein-DNA,DG,6.0
OH,,,OP2,TYR,252.0,4.2601337,VdW,Protein-DNA,DG,7.0
HH,,,H3',TYR,252.0,3.7525356,VdW,Protein-DNA,DG,6.0
HH,,,OP2,TYR,252.0,3.3386395,HBond,Protein-DNA,DG,7.0
