resname,resid,n_atoms,group
MBC,25,35,ligand
LYS,171,13,protein
ILE,172,9,protein
ARG,173,17,protein
LEU,174,9,protein
TYR,175,14,protein
GLN,176,12,protein
PHE,177,12,protein
LEU,178,9,protein
LEU,179,9,protein
ASP,180,9,protein
LEU,181,9,protein
LEU,182,9,protein
ARG,183,17,protein
SER,184,8,protein
GLY,185,5,protein
ASP,186,9,protein
MET,187,9,protein
LYS,188,13,protein
ASP,189,9,protein
SER,190,8,protein
ILE,191,9,protein
TRP,192,16,protein
TRP,193,16,protein
VAL,194,8,protein
ASP,195,9,protein
LYS,196,13,protein
ASP,197,9,protein
LYS,198,13,protein
GLY,199,5,protein
THR,200,9,protein
PHE,201,12,protein
GLN,202,12,protein
PHE,203,12,protein
SER,204,8,protein
SER,205,8,protein
LYS,206,13,protein
HIS,207,12,protein
LYS,208,13,protein
GLU,209,10,protein
ALA,210,6,protein
LEU,211,9,protein
ALA,212,6,protein
HIS,213,12,protein
ARG,214,17,protein
TRP,215,16,protein
GLY,216,5,protein
ILE,217,9,protein
GLN,218,12,protein
LYS,219,13,protein
GLY,220,5,protein
ASN,221,11,protein
ARG,222,17,protein
LYS,223,13,protein
LYS,224,13,protein
MET,225,9,protein
THR,226,9,protein
TYR,227,14,protein
GLU,228,10,protein
LYS,229,13,protein
MET,230,9,protein
ALA,231,6,protein
ARG,232,17,protein
ALA,233,6,protein
LEU,234,9,protein
ARG,235,17,protein
ASN,236,11,protein
TYR,237,14,protein
GLY,238,5,protein
LYS,239,13,protein
THR,240,9,protein
GLY,241,5,protein
GLU,242,10,protein
VAL,243,8,protein
LYS,244,13,protein
LYS,245,13,protein
VAL,246,8,protein
LYS,247,13,protein
LYS,248,13,protein
LYS,249,13,protein
LEU,250,9,protein
THR,251,9,protein
TYR,252,14,protein
GLN,253,12,protein
PHE,254,12,protein
SER,255,8,protein
GLY,256,5,protein
GLU,257,10,protein
VAL,258,8,protein
DA,1,30,dna
DA,2,32,dna
DA,3,32,dna
DA,4,32,dna
DA,5,32,dna
DG,6,33,dna
DG,7,33,dna
DG,8,33,dna
DG,9,33,dna
DA,10,32,dna
DA,11,32,dna
DG,12,33,dna
DT,13,32,dna
DG,14,33,dna
DG,15,33,dna
DG,16,33,dna
DT,17,32,dna
DC,18,30,dna
DC,19,30,dna
DC,20,30,dna
DA,21,32,dna
DC,22,30,dna
DT,23,32,dna
DT,24,32,dna
DC,25,30,dna
DC,26,30,dna
DC,27,30,dna
DC,28,30,dna
DT,29,32,dna
DT,30,32,dna
DT,31,32,dna
DT,32,33,dna
